USE RetailEnterpriseAnalytics;
GO

-- Insert order: dimensions first, facts second.

-- DimDate: 50 rows
INSERT INTO dbo.DimDate ([DateKey], [FullDate], [DayName], [WeekNumber], [MonthNumber], [MonthName], [QuarterNumber], [YearNumber], [IsWeekend], [FiscalYear]) VALUES (20250101, '2025-01-01', 'Wednesday', 1, 1, 'January', 1, 2025, 0, 2024);
INSERT INTO dbo.DimDate ([DateKey], [FullDate], [DayName], [WeekNumber], [MonthNumber], [MonthName], [QuarterNumber], [YearNumber], [IsWeekend], [FiscalYear]) VALUES (20250102, '2025-01-02', 'Thursday', 1, 1, 'January', 1, 2025, 0, 2024);
INSERT INTO dbo.DimDate ([DateKey], [FullDate], [DayName], [WeekNumber], [MonthNumber], [MonthName], [QuarterNumber], [YearNumber], [IsWeekend], [FiscalYear]) VALUES (20250103, '2025-01-03', 'Friday', 1, 1, 'January', 1, 2025, 0, 2024);
INSERT INTO dbo.DimDate ([DateKey], [FullDate], [DayName], [WeekNumber], [MonthNumber], [MonthName], [QuarterNumber], [YearNumber], [IsWeekend], [FiscalYear]) VALUES (20250104, '2025-01-04', 'Saturday', 1, 1, 'January', 1, 2025, 1, 2024);
INSERT INTO dbo.DimDate ([DateKey], [FullDate], [DayName], [WeekNumber], [MonthNumber], [MonthName], [QuarterNumber], [YearNumber], [IsWeekend], [FiscalYear]) VALUES (20250105, '2025-01-05', 'Sunday', 2, 1, 'January', 1, 2025, 1, 2024);
INSERT INTO dbo.DimDate ([DateKey], [FullDate], [DayName], [WeekNumber], [MonthNumber], [MonthName], [QuarterNumber], [YearNumber], [IsWeekend], [FiscalYear]) VALUES (20250106, '2025-01-06', 'Monday', 2, 1, 'January', 1, 2025, 0, 2024);
INSERT INTO dbo.DimDate ([DateKey], [FullDate], [DayName], [WeekNumber], [MonthNumber], [MonthName], [QuarterNumber], [YearNumber], [IsWeekend], [FiscalYear]) VALUES (20250107, '2025-01-07', 'Tuesday', 2, 1, 'January', 1, 2025, 0, 2024);
INSERT INTO dbo.DimDate ([DateKey], [FullDate], [DayName], [WeekNumber], [MonthNumber], [MonthName], [QuarterNumber], [YearNumber], [IsWeekend], [FiscalYear]) VALUES (20250108, '2025-01-08', 'Wednesday', 2, 1, 'January', 1, 2025, 0, 2024);
INSERT INTO dbo.DimDate ([DateKey], [FullDate], [DayName], [WeekNumber], [MonthNumber], [MonthName], [QuarterNumber], [YearNumber], [IsWeekend], [FiscalYear]) VALUES (20250109, '2025-01-09', 'Thursday', 2, 1, 'January', 1, 2025, 0, 2024);
INSERT INTO dbo.DimDate ([DateKey], [FullDate], [DayName], [WeekNumber], [MonthNumber], [MonthName], [QuarterNumber], [YearNumber], [IsWeekend], [FiscalYear]) VALUES (20250110, '2025-01-10', 'Friday', 2, 1, 'January', 1, 2025, 0, 2024);
INSERT INTO dbo.DimDate ([DateKey], [FullDate], [DayName], [WeekNumber], [MonthNumber], [MonthName], [QuarterNumber], [YearNumber], [IsWeekend], [FiscalYear]) VALUES (20250111, '2025-01-11', 'Saturday', 2, 1, 'January', 1, 2025, 1, 2024);
INSERT INTO dbo.DimDate ([DateKey], [FullDate], [DayName], [WeekNumber], [MonthNumber], [MonthName], [QuarterNumber], [YearNumber], [IsWeekend], [FiscalYear]) VALUES (20250112, '2025-01-12', 'Sunday', 3, 1, 'January', 1, 2025, 1, 2024);
INSERT INTO dbo.DimDate ([DateKey], [FullDate], [DayName], [WeekNumber], [MonthNumber], [MonthName], [QuarterNumber], [YearNumber], [IsWeekend], [FiscalYear]) VALUES (20250113, '2025-01-13', 'Monday', 3, 1, 'January', 1, 2025, 0, 2024);
INSERT INTO dbo.DimDate ([DateKey], [FullDate], [DayName], [WeekNumber], [MonthNumber], [MonthName], [QuarterNumber], [YearNumber], [IsWeekend], [FiscalYear]) VALUES (20250114, '2025-01-14', 'Tuesday', 3, 1, 'January', 1, 2025, 0, 2024);
INSERT INTO dbo.DimDate ([DateKey], [FullDate], [DayName], [WeekNumber], [MonthNumber], [MonthName], [QuarterNumber], [YearNumber], [IsWeekend], [FiscalYear]) VALUES (20250115, '2025-01-15', 'Wednesday', 3, 1, 'January', 1, 2025, 0, 2024);
INSERT INTO dbo.DimDate ([DateKey], [FullDate], [DayName], [WeekNumber], [MonthNumber], [MonthName], [QuarterNumber], [YearNumber], [IsWeekend], [FiscalYear]) VALUES (20250116, '2025-01-16', 'Thursday', 3, 1, 'January', 1, 2025, 0, 2024);
INSERT INTO dbo.DimDate ([DateKey], [FullDate], [DayName], [WeekNumber], [MonthNumber], [MonthName], [QuarterNumber], [YearNumber], [IsWeekend], [FiscalYear]) VALUES (20250117, '2025-01-17', 'Friday', 3, 1, 'January', 1, 2025, 0, 2024);
INSERT INTO dbo.DimDate ([DateKey], [FullDate], [DayName], [WeekNumber], [MonthNumber], [MonthName], [QuarterNumber], [YearNumber], [IsWeekend], [FiscalYear]) VALUES (20250118, '2025-01-18', 'Saturday', 3, 1, 'January', 1, 2025, 1, 2024);
INSERT INTO dbo.DimDate ([DateKey], [FullDate], [DayName], [WeekNumber], [MonthNumber], [MonthName], [QuarterNumber], [YearNumber], [IsWeekend], [FiscalYear]) VALUES (20250119, '2025-01-19', 'Sunday', 4, 1, 'January', 1, 2025, 1, 2024);
INSERT INTO dbo.DimDate ([DateKey], [FullDate], [DayName], [WeekNumber], [MonthNumber], [MonthName], [QuarterNumber], [YearNumber], [IsWeekend], [FiscalYear]) VALUES (20250120, '2025-01-20', 'Monday', 4, 1, 'January', 1, 2025, 0, 2024);
INSERT INTO dbo.DimDate ([DateKey], [FullDate], [DayName], [WeekNumber], [MonthNumber], [MonthName], [QuarterNumber], [YearNumber], [IsWeekend], [FiscalYear]) VALUES (20250121, '2025-01-21', 'Tuesday', 4, 1, 'January', 1, 2025, 0, 2024);
INSERT INTO dbo.DimDate ([DateKey], [FullDate], [DayName], [WeekNumber], [MonthNumber], [MonthName], [QuarterNumber], [YearNumber], [IsWeekend], [FiscalYear]) VALUES (20250122, '2025-01-22', 'Wednesday', 4, 1, 'January', 1, 2025, 0, 2024);
INSERT INTO dbo.DimDate ([DateKey], [FullDate], [DayName], [WeekNumber], [MonthNumber], [MonthName], [QuarterNumber], [YearNumber], [IsWeekend], [FiscalYear]) VALUES (20250123, '2025-01-23', 'Thursday', 4, 1, 'January', 1, 2025, 0, 2024);
INSERT INTO dbo.DimDate ([DateKey], [FullDate], [DayName], [WeekNumber], [MonthNumber], [MonthName], [QuarterNumber], [YearNumber], [IsWeekend], [FiscalYear]) VALUES (20250124, '2025-01-24', 'Friday', 4, 1, 'January', 1, 2025, 0, 2024);
INSERT INTO dbo.DimDate ([DateKey], [FullDate], [DayName], [WeekNumber], [MonthNumber], [MonthName], [QuarterNumber], [YearNumber], [IsWeekend], [FiscalYear]) VALUES (20250125, '2025-01-25', 'Saturday', 4, 1, 'January', 1, 2025, 1, 2024);
INSERT INTO dbo.DimDate ([DateKey], [FullDate], [DayName], [WeekNumber], [MonthNumber], [MonthName], [QuarterNumber], [YearNumber], [IsWeekend], [FiscalYear]) VALUES (20250126, '2025-01-26', 'Sunday', 5, 1, 'January', 1, 2025, 1, 2024);
INSERT INTO dbo.DimDate ([DateKey], [FullDate], [DayName], [WeekNumber], [MonthNumber], [MonthName], [QuarterNumber], [YearNumber], [IsWeekend], [FiscalYear]) VALUES (20250127, '2025-01-27', 'Monday', 5, 1, 'January', 1, 2025, 0, 2024);
INSERT INTO dbo.DimDate ([DateKey], [FullDate], [DayName], [WeekNumber], [MonthNumber], [MonthName], [QuarterNumber], [YearNumber], [IsWeekend], [FiscalYear]) VALUES (20250128, '2025-01-28', 'Tuesday', 5, 1, 'January', 1, 2025, 0, 2024);
INSERT INTO dbo.DimDate ([DateKey], [FullDate], [DayName], [WeekNumber], [MonthNumber], [MonthName], [QuarterNumber], [YearNumber], [IsWeekend], [FiscalYear]) VALUES (20250129, '2025-01-29', 'Wednesday', 5, 1, 'January', 1, 2025, 0, 2024);
INSERT INTO dbo.DimDate ([DateKey], [FullDate], [DayName], [WeekNumber], [MonthNumber], [MonthName], [QuarterNumber], [YearNumber], [IsWeekend], [FiscalYear]) VALUES (20250130, '2025-01-30', 'Thursday', 5, 1, 'January', 1, 2025, 0, 2024);
INSERT INTO dbo.DimDate ([DateKey], [FullDate], [DayName], [WeekNumber], [MonthNumber], [MonthName], [QuarterNumber], [YearNumber], [IsWeekend], [FiscalYear]) VALUES (20250131, '2025-01-31', 'Friday', 5, 1, 'January', 1, 2025, 0, 2024);
INSERT INTO dbo.DimDate ([DateKey], [FullDate], [DayName], [WeekNumber], [MonthNumber], [MonthName], [QuarterNumber], [YearNumber], [IsWeekend], [FiscalYear]) VALUES (20250201, '2025-02-01', 'Saturday', 5, 2, 'February', 1, 2025, 1, 2024);
INSERT INTO dbo.DimDate ([DateKey], [FullDate], [DayName], [WeekNumber], [MonthNumber], [MonthName], [QuarterNumber], [YearNumber], [IsWeekend], [FiscalYear]) VALUES (20250202, '2025-02-02', 'Sunday', 6, 2, 'February', 1, 2025, 1, 2024);
INSERT INTO dbo.DimDate ([DateKey], [FullDate], [DayName], [WeekNumber], [MonthNumber], [MonthName], [QuarterNumber], [YearNumber], [IsWeekend], [FiscalYear]) VALUES (20250203, '2025-02-03', 'Monday', 6, 2, 'February', 1, 2025, 0, 2024);
INSERT INTO dbo.DimDate ([DateKey], [FullDate], [DayName], [WeekNumber], [MonthNumber], [MonthName], [QuarterNumber], [YearNumber], [IsWeekend], [FiscalYear]) VALUES (20250204, '2025-02-04', 'Tuesday', 6, 2, 'February', 1, 2025, 0, 2024);
INSERT INTO dbo.DimDate ([DateKey], [FullDate], [DayName], [WeekNumber], [MonthNumber], [MonthName], [QuarterNumber], [YearNumber], [IsWeekend], [FiscalYear]) VALUES (20250205, '2025-02-05', 'Wednesday', 6, 2, 'February', 1, 2025, 0, 2024);
INSERT INTO dbo.DimDate ([DateKey], [FullDate], [DayName], [WeekNumber], [MonthNumber], [MonthName], [QuarterNumber], [YearNumber], [IsWeekend], [FiscalYear]) VALUES (20250206, '2025-02-06', 'Thursday', 6, 2, 'February', 1, 2025, 0, 2024);
INSERT INTO dbo.DimDate ([DateKey], [FullDate], [DayName], [WeekNumber], [MonthNumber], [MonthName], [QuarterNumber], [YearNumber], [IsWeekend], [FiscalYear]) VALUES (20250207, '2025-02-07', 'Friday', 6, 2, 'February', 1, 2025, 0, 2024);
INSERT INTO dbo.DimDate ([DateKey], [FullDate], [DayName], [WeekNumber], [MonthNumber], [MonthName], [QuarterNumber], [YearNumber], [IsWeekend], [FiscalYear]) VALUES (20250208, '2025-02-08', 'Saturday', 6, 2, 'February', 1, 2025, 1, 2024);
INSERT INTO dbo.DimDate ([DateKey], [FullDate], [DayName], [WeekNumber], [MonthNumber], [MonthName], [QuarterNumber], [YearNumber], [IsWeekend], [FiscalYear]) VALUES (20250209, '2025-02-09', 'Sunday', 7, 2, 'February', 1, 2025, 1, 2024);
INSERT INTO dbo.DimDate ([DateKey], [FullDate], [DayName], [WeekNumber], [MonthNumber], [MonthName], [QuarterNumber], [YearNumber], [IsWeekend], [FiscalYear]) VALUES (20250210, '2025-02-10', 'Monday', 7, 2, 'February', 1, 2025, 0, 2024);
INSERT INTO dbo.DimDate ([DateKey], [FullDate], [DayName], [WeekNumber], [MonthNumber], [MonthName], [QuarterNumber], [YearNumber], [IsWeekend], [FiscalYear]) VALUES (20250211, '2025-02-11', 'Tuesday', 7, 2, 'February', 1, 2025, 0, 2024);
INSERT INTO dbo.DimDate ([DateKey], [FullDate], [DayName], [WeekNumber], [MonthNumber], [MonthName], [QuarterNumber], [YearNumber], [IsWeekend], [FiscalYear]) VALUES (20250212, '2025-02-12', 'Wednesday', 7, 2, 'February', 1, 2025, 0, 2024);
INSERT INTO dbo.DimDate ([DateKey], [FullDate], [DayName], [WeekNumber], [MonthNumber], [MonthName], [QuarterNumber], [YearNumber], [IsWeekend], [FiscalYear]) VALUES (20250213, '2025-02-13', 'Thursday', 7, 2, 'February', 1, 2025, 0, 2024);
INSERT INTO dbo.DimDate ([DateKey], [FullDate], [DayName], [WeekNumber], [MonthNumber], [MonthName], [QuarterNumber], [YearNumber], [IsWeekend], [FiscalYear]) VALUES (20250214, '2025-02-14', 'Friday', 7, 2, 'February', 1, 2025, 0, 2024);
INSERT INTO dbo.DimDate ([DateKey], [FullDate], [DayName], [WeekNumber], [MonthNumber], [MonthName], [QuarterNumber], [YearNumber], [IsWeekend], [FiscalYear]) VALUES (20250215, '2025-02-15', 'Saturday', 7, 2, 'February', 1, 2025, 1, 2024);
INSERT INTO dbo.DimDate ([DateKey], [FullDate], [DayName], [WeekNumber], [MonthNumber], [MonthName], [QuarterNumber], [YearNumber], [IsWeekend], [FiscalYear]) VALUES (20250216, '2025-02-16', 'Sunday', 8, 2, 'February', 1, 2025, 1, 2024);
INSERT INTO dbo.DimDate ([DateKey], [FullDate], [DayName], [WeekNumber], [MonthNumber], [MonthName], [QuarterNumber], [YearNumber], [IsWeekend], [FiscalYear]) VALUES (20250217, '2025-02-17', 'Monday', 8, 2, 'February', 1, 2025, 0, 2024);
INSERT INTO dbo.DimDate ([DateKey], [FullDate], [DayName], [WeekNumber], [MonthNumber], [MonthName], [QuarterNumber], [YearNumber], [IsWeekend], [FiscalYear]) VALUES (20250218, '2025-02-18', 'Tuesday', 8, 2, 'February', 1, 2025, 0, 2024);
INSERT INTO dbo.DimDate ([DateKey], [FullDate], [DayName], [WeekNumber], [MonthNumber], [MonthName], [QuarterNumber], [YearNumber], [IsWeekend], [FiscalYear]) VALUES (20250219, '2025-02-19', 'Wednesday', 8, 2, 'February', 1, 2025, 0, 2024);

GO

-- DimRegion: 50 rows
INSERT INTO dbo.DimRegion ([RegionKey], [RegionName], [TerritoryName], [Country], [StateName], [City], [MarketTier], [RegionalManager]) VALUES (1, 'West', 'Pacific Northwest', 'United States', 'Washington', 'Seattle', 'Tier 2', 'Liam Bennett');
INSERT INTO dbo.DimRegion ([RegionKey], [RegionName], [TerritoryName], [Country], [StateName], [City], [MarketTier], [RegionalManager]) VALUES (2, 'West', 'Bay Area', 'United States', 'California', 'San Francisco', 'Tier 3', 'Mia Rodriguez');
INSERT INTO dbo.DimRegion ([RegionKey], [RegionName], [TerritoryName], [Country], [StateName], [City], [MarketTier], [RegionalManager]) VALUES (3, 'West', 'Southern California', 'United States', 'California', 'Los Angeles', 'Tier 1', 'Noah Patel');
INSERT INTO dbo.DimRegion ([RegionKey], [RegionName], [TerritoryName], [Country], [StateName], [City], [MarketTier], [RegionalManager]) VALUES (4, 'West', 'Inland Empire', 'United States', 'California', 'Riverside', 'Tier 2', 'Sophia Wilson');
INSERT INTO dbo.DimRegion ([RegionKey], [RegionName], [TerritoryName], [Country], [StateName], [City], [MarketTier], [RegionalManager]) VALUES (5, 'West', 'Rocky Mountain', 'United States', 'Colorado', 'Denver', 'Tier 3', 'Ethan Brooks');
INSERT INTO dbo.DimRegion ([RegionKey], [RegionName], [TerritoryName], [Country], [StateName], [City], [MarketTier], [RegionalManager]) VALUES (6, 'West', 'Desert Southwest', 'United States', 'Arizona', 'Phoenix', 'Tier 1', 'Olivia Chen');
INSERT INTO dbo.DimRegion ([RegionKey], [RegionName], [TerritoryName], [Country], [StateName], [City], [MarketTier], [RegionalManager]) VALUES (7, 'West', 'Nevada Valley', 'United States', 'Nevada', 'Las Vegas', 'Tier 2', 'Lucas Martin');
INSERT INTO dbo.DimRegion ([RegionKey], [RegionName], [TerritoryName], [Country], [StateName], [City], [MarketTier], [RegionalManager]) VALUES (8, 'West', 'Oregon Trail', 'United States', 'Oregon', 'Portland', 'Tier 3', 'Isabella Khan');
INSERT INTO dbo.DimRegion ([RegionKey], [RegionName], [TerritoryName], [Country], [StateName], [City], [MarketTier], [RegionalManager]) VALUES (9, 'West', 'Utah Wasatch', 'United States', 'Utah', 'Salt Lake City', 'Tier 1', 'Mason Reed');
INSERT INTO dbo.DimRegion ([RegionKey], [RegionName], [TerritoryName], [Country], [StateName], [City], [MarketTier], [RegionalManager]) VALUES (10, 'West', 'Alaska Frontier', 'United States', 'Alaska', 'Anchorage', 'Tier 2', 'Ava Coleman');
INSERT INTO dbo.DimRegion ([RegionKey], [RegionName], [TerritoryName], [Country], [StateName], [City], [MarketTier], [RegionalManager]) VALUES (11, 'South', 'North Texas', 'United States', 'Texas', 'Dallas', 'Tier 3', 'Liam Bennett');
INSERT INTO dbo.DimRegion ([RegionKey], [RegionName], [TerritoryName], [Country], [StateName], [City], [MarketTier], [RegionalManager]) VALUES (12, 'South', 'Gulf Coast', 'United States', 'Texas', 'Houston', 'Tier 1', 'Mia Rodriguez');
INSERT INTO dbo.DimRegion ([RegionKey], [RegionName], [TerritoryName], [Country], [StateName], [City], [MarketTier], [RegionalManager]) VALUES (13, 'South', 'Central Texas', 'United States', 'Texas', 'Austin', 'Tier 2', 'Noah Patel');
INSERT INTO dbo.DimRegion ([RegionKey], [RegionName], [TerritoryName], [Country], [StateName], [City], [MarketTier], [RegionalManager]) VALUES (14, 'South', 'Florida Atlantic', 'United States', 'Florida', 'Miami', 'Tier 3', 'Sophia Wilson');
INSERT INTO dbo.DimRegion ([RegionKey], [RegionName], [TerritoryName], [Country], [StateName], [City], [MarketTier], [RegionalManager]) VALUES (15, 'South', 'Florida Gulf', 'United States', 'Florida', 'Tampa', 'Tier 1', 'Ethan Brooks');
INSERT INTO dbo.DimRegion ([RegionKey], [RegionName], [TerritoryName], [Country], [StateName], [City], [MarketTier], [RegionalManager]) VALUES (16, 'South', 'Georgia Metro', 'United States', 'Georgia', 'Atlanta', 'Tier 2', 'Olivia Chen');
INSERT INTO dbo.DimRegion ([RegionKey], [RegionName], [TerritoryName], [Country], [StateName], [City], [MarketTier], [RegionalManager]) VALUES (17, 'South', 'Carolinas', 'United States', 'North Carolina', 'Charlotte', 'Tier 3', 'Lucas Martin');
INSERT INTO dbo.DimRegion ([RegionKey], [RegionName], [TerritoryName], [Country], [StateName], [City], [MarketTier], [RegionalManager]) VALUES (18, 'South', 'Tennessee Valley', 'United States', 'Tennessee', 'Nashville', 'Tier 1', 'Isabella Khan');
INSERT INTO dbo.DimRegion ([RegionKey], [RegionName], [TerritoryName], [Country], [StateName], [City], [MarketTier], [RegionalManager]) VALUES (19, 'South', 'Louisiana Delta', 'United States', 'Louisiana', 'New Orleans', 'Tier 2', 'Mason Reed');
INSERT INTO dbo.DimRegion ([RegionKey], [RegionName], [TerritoryName], [Country], [StateName], [City], [MarketTier], [RegionalManager]) VALUES (20, 'South', 'Oklahoma Plains', 'United States', 'Oklahoma', 'Oklahoma City', 'Tier 3', 'Ava Coleman');
INSERT INTO dbo.DimRegion ([RegionKey], [RegionName], [TerritoryName], [Country], [StateName], [City], [MarketTier], [RegionalManager]) VALUES (21, 'East', 'New York Metro', 'United States', 'New York', 'New York', 'Tier 1', 'Liam Bennett');
INSERT INTO dbo.DimRegion ([RegionKey], [RegionName], [TerritoryName], [Country], [StateName], [City], [MarketTier], [RegionalManager]) VALUES (22, 'East', 'New England', 'United States', 'Massachusetts', 'Boston', 'Tier 2', 'Mia Rodriguez');
INSERT INTO dbo.DimRegion ([RegionKey], [RegionName], [TerritoryName], [Country], [StateName], [City], [MarketTier], [RegionalManager]) VALUES (23, 'East', 'Mid Atlantic', 'United States', 'Pennsylvania', 'Philadelphia', 'Tier 3', 'Noah Patel');
INSERT INTO dbo.DimRegion ([RegionKey], [RegionName], [TerritoryName], [Country], [StateName], [City], [MarketTier], [RegionalManager]) VALUES (24, 'East', 'Capital Beltway', 'United States', 'District of Columbia', 'Washington', 'Tier 1', 'Sophia Wilson');
INSERT INTO dbo.DimRegion ([RegionKey], [RegionName], [TerritoryName], [Country], [StateName], [City], [MarketTier], [RegionalManager]) VALUES (25, 'East', 'New Jersey Shore', 'United States', 'New Jersey', 'Newark', 'Tier 2', 'Ethan Brooks');
INSERT INTO dbo.DimRegion ([RegionKey], [RegionName], [TerritoryName], [Country], [StateName], [City], [MarketTier], [RegionalManager]) VALUES (26, 'East', 'Maryland Harbor', 'United States', 'Maryland', 'Baltimore', 'Tier 3', 'Olivia Chen');
INSERT INTO dbo.DimRegion ([RegionKey], [RegionName], [TerritoryName], [Country], [StateName], [City], [MarketTier], [RegionalManager]) VALUES (27, 'East', 'Virginia Tidewater', 'United States', 'Virginia', 'Richmond', 'Tier 1', 'Lucas Martin');
INSERT INTO dbo.DimRegion ([RegionKey], [RegionName], [TerritoryName], [Country], [StateName], [City], [MarketTier], [RegionalManager]) VALUES (28, 'East', 'Connecticut Valley', 'United States', 'Connecticut', 'Hartford', 'Tier 2', 'Isabella Khan');
INSERT INTO dbo.DimRegion ([RegionKey], [RegionName], [TerritoryName], [Country], [StateName], [City], [MarketTier], [RegionalManager]) VALUES (29, 'East', 'Rhode Island Bay', 'United States', 'Rhode Island', 'Providence', 'Tier 3', 'Mason Reed');
INSERT INTO dbo.DimRegion ([RegionKey], [RegionName], [TerritoryName], [Country], [StateName], [City], [MarketTier], [RegionalManager]) VALUES (30, 'East', 'Maine Coast', 'United States', 'Maine', 'Portland', 'Tier 1', 'Ava Coleman');
INSERT INTO dbo.DimRegion ([RegionKey], [RegionName], [TerritoryName], [Country], [StateName], [City], [MarketTier], [RegionalManager]) VALUES (31, 'Central', 'Great Lakes', 'United States', 'Illinois', 'Chicago', 'Tier 2', 'Liam Bennett');
INSERT INTO dbo.DimRegion ([RegionKey], [RegionName], [TerritoryName], [Country], [StateName], [City], [MarketTier], [RegionalManager]) VALUES (32, 'Central', 'Michigan Metro', 'United States', 'Michigan', 'Detroit', 'Tier 3', 'Mia Rodriguez');
INSERT INTO dbo.DimRegion ([RegionKey], [RegionName], [TerritoryName], [Country], [StateName], [City], [MarketTier], [RegionalManager]) VALUES (33, 'Central', 'Ohio Valley', 'United States', 'Ohio', 'Columbus', 'Tier 1', 'Noah Patel');
INSERT INTO dbo.DimRegion ([RegionKey], [RegionName], [TerritoryName], [Country], [StateName], [City], [MarketTier], [RegionalManager]) VALUES (34, 'Central', 'Indiana Crossroads', 'United States', 'Indiana', 'Indianapolis', 'Tier 2', 'Sophia Wilson');
INSERT INTO dbo.DimRegion ([RegionKey], [RegionName], [TerritoryName], [Country], [StateName], [City], [MarketTier], [RegionalManager]) VALUES (35, 'Central', 'Wisconsin Dairyland', 'United States', 'Wisconsin', 'Milwaukee', 'Tier 3', 'Ethan Brooks');
INSERT INTO dbo.DimRegion ([RegionKey], [RegionName], [TerritoryName], [Country], [StateName], [City], [MarketTier], [RegionalManager]) VALUES (36, 'Central', 'Minnesota Northstar', 'United States', 'Minnesota', 'Minneapolis', 'Tier 1', 'Olivia Chen');
INSERT INTO dbo.DimRegion ([RegionKey], [RegionName], [TerritoryName], [Country], [StateName], [City], [MarketTier], [RegionalManager]) VALUES (37, 'Central', 'Missouri Gateway', 'United States', 'Missouri', 'St. Louis', 'Tier 2', 'Lucas Martin');
INSERT INTO dbo.DimRegion ([RegionKey], [RegionName], [TerritoryName], [Country], [StateName], [City], [MarketTier], [RegionalManager]) VALUES (38, 'Central', 'Kansas Prairie', 'United States', 'Kansas', 'Wichita', 'Tier 3', 'Isabella Khan');
INSERT INTO dbo.DimRegion ([RegionKey], [RegionName], [TerritoryName], [Country], [StateName], [City], [MarketTier], [RegionalManager]) VALUES (39, 'Central', 'Iowa Heartland', 'United States', 'Iowa', 'Des Moines', 'Tier 1', 'Mason Reed');
INSERT INTO dbo.DimRegion ([RegionKey], [RegionName], [TerritoryName], [Country], [StateName], [City], [MarketTier], [RegionalManager]) VALUES (40, 'Central', 'Nebraska River', 'United States', 'Nebraska', 'Omaha', 'Tier 2', 'Ava Coleman');
INSERT INTO dbo.DimRegion ([RegionKey], [RegionName], [TerritoryName], [Country], [StateName], [City], [MarketTier], [RegionalManager]) VALUES (41, 'North', 'North Dakota Plains', 'United States', 'North Dakota', 'Fargo', 'Tier 3', 'Liam Bennett');
INSERT INTO dbo.DimRegion ([RegionKey], [RegionName], [TerritoryName], [Country], [StateName], [City], [MarketTier], [RegionalManager]) VALUES (42, 'North', 'South Dakota Hills', 'United States', 'South Dakota', 'Sioux Falls', 'Tier 1', 'Mia Rodriguez');
INSERT INTO dbo.DimRegion ([RegionKey], [RegionName], [TerritoryName], [Country], [StateName], [City], [MarketTier], [RegionalManager]) VALUES (43, 'North', 'Montana Big Sky', 'United States', 'Montana', 'Billings', 'Tier 2', 'Noah Patel');
INSERT INTO dbo.DimRegion ([RegionKey], [RegionName], [TerritoryName], [Country], [StateName], [City], [MarketTier], [RegionalManager]) VALUES (44, 'North', 'Idaho Treasure', 'United States', 'Idaho', 'Boise', 'Tier 3', 'Sophia Wilson');
INSERT INTO dbo.DimRegion ([RegionKey], [RegionName], [TerritoryName], [Country], [StateName], [City], [MarketTier], [RegionalManager]) VALUES (45, 'North', 'Wyoming Range', 'United States', 'Wyoming', 'Cheyenne', 'Tier 1', 'Ethan Brooks');
INSERT INTO dbo.DimRegion ([RegionKey], [RegionName], [TerritoryName], [Country], [StateName], [City], [MarketTier], [RegionalManager]) VALUES (46, 'North', 'Vermont Green', 'United States', 'Vermont', 'Burlington', 'Tier 2', 'Olivia Chen');
INSERT INTO dbo.DimRegion ([RegionKey], [RegionName], [TerritoryName], [Country], [StateName], [City], [MarketTier], [RegionalManager]) VALUES (47, 'North', 'New Hampshire Lakes', 'United States', 'New Hampshire', 'Manchester', 'Tier 3', 'Lucas Martin');
INSERT INTO dbo.DimRegion ([RegionKey], [RegionName], [TerritoryName], [Country], [StateName], [City], [MarketTier], [RegionalManager]) VALUES (48, 'North', 'Upstate New York', 'United States', 'New York', 'Buffalo', 'Tier 1', 'Isabella Khan');
INSERT INTO dbo.DimRegion ([RegionKey], [RegionName], [TerritoryName], [Country], [StateName], [City], [MarketTier], [RegionalManager]) VALUES (49, 'North', 'Northern Michigan', 'United States', 'Michigan', 'Grand Rapids', 'Tier 2', 'Mason Reed');
INSERT INTO dbo.DimRegion ([RegionKey], [RegionName], [TerritoryName], [Country], [StateName], [City], [MarketTier], [RegionalManager]) VALUES (50, 'North', 'Northern Minnesota', 'United States', 'Minnesota', 'Duluth', 'Tier 3', 'Ava Coleman');

GO

-- DimProduct: 50 rows
INSERT INTO dbo.DimProduct ([ProductKey], [SKU], [ProductName], [Category], [Subcategory], [Brand], [UnitCost], [ListPrice], [LaunchDate], [DiscontinuedFlag]) VALUES (1, 'SKU-GRO-10001', 'Organic Cold Brew 12 Pack', 'Grocery', 'Beverages', 'NorthFork', 12.15, 23.37, '2022-06-08', 0);
INSERT INTO dbo.DimProduct ([ProductKey], [SKU], [ProductName], [Category], [Subcategory], [Brand], [UnitCost], [ListPrice], [LaunchDate], [DiscontinuedFlag]) VALUES (2, 'SKU-GRO-10002', 'Protein Trail Mix', 'Grocery', 'Snacks', 'GoodField', 16.09, 28.74, '2023-11-15', 0);
INSERT INTO dbo.DimProduct ([ProductKey], [SKU], [ProductName], [Category], [Subcategory], [Brand], [UnitCost], [ListPrice], [LaunchDate], [DiscontinuedFlag]) VALUES (3, 'SKU-GRO-10003', 'Artisan Pasta Bundle', 'Grocery', 'Pantry', 'CasaNova', 20.47, 34.11, '2024-04-22', 0);
INSERT INTO dbo.DimProduct ([ProductKey], [SKU], [ProductName], [Category], [Subcategory], [Brand], [UnitCost], [ListPrice], [LaunchDate], [DiscontinuedFlag]) VALUES (4, 'SKU-GRO-10004', 'Plant-Based Entree', 'Grocery', 'Frozen', 'GreenTable', 25.27, 39.48, '2021-09-04', 0);
INSERT INTO dbo.DimProduct ([ProductKey], [SKU], [ProductName], [Category], [Subcategory], [Brand], [UnitCost], [ListPrice], [LaunchDate], [DiscontinuedFlag]) VALUES (5, 'SKU-GRO-10005', 'Greek Yogurt Family Pack', 'Grocery', 'Dairy', 'DairyWell', 12.53, 26.10, '2022-02-11', 0);
INSERT INTO dbo.DimProduct ([ProductKey], [SKU], [ProductName], [Category], [Subcategory], [Brand], [UnitCost], [ListPrice], [LaunchDate], [DiscontinuedFlag]) VALUES (6, 'SKU-APP-10006', 'Performance Polo', 'Apparel', 'Menswear', 'ThreadLab', 43.59, 83.83, '2023-07-18', 0);
INSERT INTO dbo.DimProduct ([ProductKey], [SKU], [ProductName], [Category], [Subcategory], [Brand], [UnitCost], [ListPrice], [LaunchDate], [DiscontinuedFlag]) VALUES (7, 'SKU-APP-10007', 'Stretch Denim Jacket', 'Apparel', 'Womenswear', 'UrbanWeave', 33.32, 59.50, '2024-12-25', 0);
INSERT INTO dbo.DimProduct ([ProductKey], [SKU], [ProductName], [Category], [Subcategory], [Brand], [UnitCost], [ListPrice], [LaunchDate], [DiscontinuedFlag]) VALUES (8, 'SKU-APP-10008', 'Everyday Running Shoe', 'Apparel', 'Footwear', 'StrideMax', 40.76, 67.93, '2021-05-07', 0);
INSERT INTO dbo.DimProduct ([ProductKey], [SKU], [ProductName], [Category], [Subcategory], [Brand], [UnitCost], [ListPrice], [LaunchDate], [DiscontinuedFlag]) VALUES (9, 'SKU-APP-10009', 'School Uniform Set', 'Apparel', 'Kids', 'BrightKids', 48.87, 76.36, '2022-10-14', 0);
INSERT INTO dbo.DimProduct ([ProductKey], [SKU], [ProductName], [Category], [Subcategory], [Brand], [UnitCost], [ListPrice], [LaunchDate], [DiscontinuedFlag]) VALUES (10, 'SKU-APP-10010', 'Leather Travel Wallet', 'Apparel', 'Accessories', 'NobleCarry', 31.70, 66.04, '2023-03-21', 0);
INSERT INTO dbo.DimProduct ([ProductKey], [SKU], [ProductName], [Category], [Subcategory], [Brand], [UnitCost], [ListPrice], [LaunchDate], [DiscontinuedFlag]) VALUES (11, 'SKU-ELE-10011', '14 Inch Productivity Laptop', 'Electronics', 'Computing', 'VoltEdge', 136.32, 262.15, '2024-08-03', 0);
INSERT INTO dbo.DimProduct ([ProductKey], [SKU], [ProductName], [Category], [Subcategory], [Brand], [UnitCost], [ListPrice], [LaunchDate], [DiscontinuedFlag]) VALUES (12, 'SKU-ELE-10012', 'Noise Cancelling Headphones', 'Electronics', 'Audio', 'SoundForge', 158.48, 283.00, '2021-01-10', 1);
INSERT INTO dbo.DimProduct ([ProductKey], [SKU], [ProductName], [Category], [Subcategory], [Brand], [UnitCost], [ListPrice], [LaunchDate], [DiscontinuedFlag]) VALUES (13, 'SKU-ELE-10013', '5G Smartphone 128GB', 'Electronics', 'Mobile', 'NovaCell', 182.31, 303.85, '2022-06-17', 0);
INSERT INTO dbo.DimProduct ([ProductKey], [SKU], [ProductName], [Category], [Subcategory], [Brand], [UnitCost], [ListPrice], [LaunchDate], [DiscontinuedFlag]) VALUES (14, 'SKU-ELE-10014', 'Wireless Game Controller', 'Electronics', 'Gaming', 'PlayPeak', 131.20, 205.00, '2023-11-24', 0);
INSERT INTO dbo.DimProduct ([ProductKey], [SKU], [ProductName], [Category], [Subcategory], [Brand], [UnitCost], [ListPrice], [LaunchDate], [DiscontinuedFlag]) VALUES (15, 'SKU-ELE-10015', 'WiFi Smart Plug 4 Pack', 'Electronics', 'Smart Home', 'HomeGrid', 99.41, 207.10, '2024-04-06', 0);
INSERT INTO dbo.DimProduct ([ProductKey], [SKU], [ProductName], [Category], [Subcategory], [Brand], [UnitCost], [ListPrice], [LaunchDate], [DiscontinuedFlag]) VALUES (16, 'SKU-HOM-10016', 'Ceramic Cookware Set', 'Home', 'Kitchen', 'ChefCraft', 54.72, 105.23, '2021-09-13', 0);
INSERT INTO dbo.DimProduct ([ProductKey], [SKU], [ProductName], [Category], [Subcategory], [Brand], [UnitCost], [ListPrice], [LaunchDate], [DiscontinuedFlag]) VALUES (17, 'SKU-HOM-10017', 'Linen Curtain Pair', 'Home', 'Decor', 'DwellStone', 65.36, 116.72, '2022-02-20', 0);
INSERT INTO dbo.DimProduct ([ProductKey], [SKU], [ProductName], [Category], [Subcategory], [Brand], [UnitCost], [ListPrice], [LaunchDate], [DiscontinuedFlag]) VALUES (18, 'SKU-HOM-10018', 'Modular Closet Organizer', 'Home', 'Storage', 'SpaceMint', 76.93, 128.21, '2023-07-02', 0);
INSERT INTO dbo.DimProduct ([ProductKey], [SKU], [ProductName], [Category], [Subcategory], [Brand], [UnitCost], [ListPrice], [LaunchDate], [DiscontinuedFlag]) VALUES (19, 'SKU-HOM-10019', 'Cooling Sheet Set', 'Home', 'Bedding', 'DreamNest', 89.41, 139.70, '2024-12-09', 0);
INSERT INTO dbo.DimProduct ([ProductKey], [SKU], [ProductName], [Category], [Subcategory], [Brand], [UnitCost], [ListPrice], [LaunchDate], [DiscontinuedFlag]) VALUES (20, 'SKU-HOM-10020', 'Cordless Stick Vacuum', 'Home', 'Cleaning', 'PureSweep', 63.57, 132.44, '2021-05-16', 0);
INSERT INTO dbo.DimProduct ([ProductKey], [SKU], [ProductName], [Category], [Subcategory], [Brand], [UnitCost], [ListPrice], [LaunchDate], [DiscontinuedFlag]) VALUES (21, 'SKU-BEA-10021', 'Vitamin C Serum', 'Beauty', 'Skincare', 'GlowTheory', 20.67, 39.75, '2022-10-23', 0);
INSERT INTO dbo.DimProduct ([ProductKey], [SKU], [ProductName], [Category], [Subcategory], [Brand], [UnitCost], [ListPrice], [LaunchDate], [DiscontinuedFlag]) VALUES (22, 'SKU-BEA-10022', 'Hydrating Shampoo Duo', 'Beauty', 'Haircare', 'SilkRoot', 26.17, 46.74, '2023-03-05', 0);
INSERT INTO dbo.DimProduct ([ProductKey], [SKU], [ProductName], [Category], [Subcategory], [Brand], [UnitCost], [ListPrice], [LaunchDate], [DiscontinuedFlag]) VALUES (23, 'SKU-BEA-10023', 'Citrus Eau de Parfum', 'Beauty', 'Fragrance', 'AuraLane', 32.24, 53.73, '2024-08-12', 0);
INSERT INTO dbo.DimProduct ([ProductKey], [SKU], [ProductName], [Category], [Subcategory], [Brand], [UnitCost], [ListPrice], [LaunchDate], [DiscontinuedFlag]) VALUES (24, 'SKU-BEA-10024', 'Matte Lip Color Set', 'Beauty', 'Cosmetics', 'ColorHaus', 38.86, 60.72, '2021-01-19', 0);
INSERT INTO dbo.DimProduct ([ProductKey], [SKU], [ProductName], [Category], [Subcategory], [Brand], [UnitCost], [ListPrice], [LaunchDate], [DiscontinuedFlag]) VALUES (25, 'SKU-BEA-10025', 'Aromatherapy Diffuser', 'Beauty', 'Wellness', 'CalmCo', 23.50, 48.96, '2022-06-01', 0);
INSERT INTO dbo.DimProduct ([ProductKey], [SKU], [ProductName], [Category], [Subcategory], [Brand], [UnitCost], [ListPrice], [LaunchDate], [DiscontinuedFlag]) VALUES (26, 'SKU-SPO-10026', 'Adjustable Dumbbell Pair', 'Sports', 'Fitness', 'FlexForm', 56.24, 108.15, '2023-11-08', 0);
INSERT INTO dbo.DimProduct ([ProductKey], [SKU], [ProductName], [Category], [Subcategory], [Brand], [UnitCost], [ListPrice], [LaunchDate], [DiscontinuedFlag]) VALUES (27, 'SKU-SPO-10027', 'All Weather Hiking Backpack', 'Sports', 'Outdoor', 'TrailAxis', 66.29, 118.38, '2024-04-15', 0);
INSERT INTO dbo.DimProduct ([ProductKey], [SKU], [ProductName], [Category], [Subcategory], [Brand], [UnitCost], [ListPrice], [LaunchDate], [DiscontinuedFlag]) VALUES (28, 'SKU-SPO-10028', 'Urban Bike Helmet', 'Sports', 'Cycling', 'RideSafe', 49.95, 83.25, '2021-09-22', 0);
INSERT INTO dbo.DimProduct ([ProductKey], [SKU], [ProductName], [Category], [Subcategory], [Brand], [UnitCost], [ListPrice], [LaunchDate], [DiscontinuedFlag]) VALUES (29, 'SKU-SPO-10029', 'Composite Basketball', 'Sports', 'Team Sports', 'CourtPro', 59.83, 93.48, '2022-02-04', 0);
INSERT INTO dbo.DimProduct ([ProductKey], [SKU], [ProductName], [Category], [Subcategory], [Brand], [UnitCost], [ListPrice], [LaunchDate], [DiscontinuedFlag]) VALUES (30, 'SKU-SPO-10030', 'Eco Grip Yoga Mat', 'Sports', 'Yoga', 'ZenField', 40.78, 84.96, '2023-07-11', 0);
INSERT INTO dbo.DimProduct ([ProductKey], [SKU], [ProductName], [Category], [Subcategory], [Brand], [UnitCost], [ListPrice], [LaunchDate], [DiscontinuedFlag]) VALUES (31, 'SKU-TOY-10031', 'Robotics Starter Kit', 'Toys', 'STEM', 'BrightBot', 31.01, 59.63, '2024-12-18', 0);
INSERT INTO dbo.DimProduct ([ProductKey], [SKU], [ProductName], [Category], [Subcategory], [Brand], [UnitCost], [ListPrice], [LaunchDate], [DiscontinuedFlag]) VALUES (32, 'SKU-TOY-10032', 'Wooden Art Studio Set', 'Toys', 'Creative', 'CraftNest', 37.71, 67.34, '2021-05-25', 0);
INSERT INTO dbo.DimProduct ([ProductKey], [SKU], [ProductName], [Category], [Subcategory], [Brand], [UnitCost], [ListPrice], [LaunchDate], [DiscontinuedFlag]) VALUES (33, 'SKU-TOY-10033', 'Sensory Play Gym', 'Toys', 'Infant', 'TinyBloom', 45.03, 75.05, '2022-10-07', 0);
INSERT INTO dbo.DimProduct ([ProductKey], [SKU], [ProductName], [Category], [Subcategory], [Brand], [UnitCost], [ListPrice], [LaunchDate], [DiscontinuedFlag]) VALUES (34, 'SKU-TOY-10034', 'Backyard Water Table', 'Toys', 'Outdoor Play', 'SunSprout', 52.97, 82.76, '2023-03-14', 1);
INSERT INTO dbo.DimProduct ([ProductKey], [SKU], [ProductName], [Category], [Subcategory], [Brand], [UnitCost], [ListPrice], [LaunchDate], [DiscontinuedFlag]) VALUES (35, 'SKU-TOY-10035', 'Family Strategy Game', 'Toys', 'Games', 'TableQuest', 21.12, 44.00, '2024-08-21', 0);
INSERT INTO dbo.DimProduct ([ProductKey], [SKU], [ProductName], [Category], [Subcategory], [Brand], [UnitCost], [ListPrice], [LaunchDate], [DiscontinuedFlag]) VALUES (36, 'SKU-FUR-10036', 'Compact Sectional Sofa', 'Furniture', 'Living Room', 'HavenWorks', 149.32, 287.15, '2021-01-03', 0);
INSERT INTO dbo.DimProduct ([ProductKey], [SKU], [ProductName], [Category], [Subcategory], [Brand], [UnitCost], [ListPrice], [LaunchDate], [DiscontinuedFlag]) VALUES (37, 'SKU-FUR-10037', 'Ergonomic Mesh Chair', 'Furniture', 'Office', 'WorkWell', 176.01, 314.30, '2022-06-10', 0);
INSERT INTO dbo.DimProduct ([ProductKey], [SKU], [ProductName], [Category], [Subcategory], [Brand], [UnitCost], [ListPrice], [LaunchDate], [DiscontinuedFlag]) VALUES (38, 'SKU-FUR-10038', 'Queen Platform Bed', 'Furniture', 'Bedroom', 'RestHarbor', 204.87, 341.45, '2023-11-17', 0);
INSERT INTO dbo.DimProduct ([ProductKey], [SKU], [ProductName], [Category], [Subcategory], [Brand], [UnitCost], [ListPrice], [LaunchDate], [DiscontinuedFlag]) VALUES (39, 'SKU-FUR-10039', 'Extendable Dining Table', 'Furniture', 'Dining', 'GatherMade', 235.90, 368.60, '2024-04-24', 0);
INSERT INTO dbo.DimProduct ([ProductKey], [SKU], [ProductName], [Category], [Subcategory], [Brand], [UnitCost], [ListPrice], [LaunchDate], [DiscontinuedFlag]) VALUES (40, 'SKU-FUR-10040', 'Shoe Storage Bench', 'Furniture', 'Entryway', 'PorchLine', 180.96, 377.00, '2021-09-06', 0);
INSERT INTO dbo.DimProduct ([ProductKey], [SKU], [ProductName], [Category], [Subcategory], [Brand], [UnitCost], [ListPrice], [LaunchDate], [DiscontinuedFlag]) VALUES (41, 'SKU-PET-10041', 'Grain Free Dog Food', 'Pet', 'Food', 'PawHarvest', 32.38, 62.27, '2022-02-13', 0);
INSERT INTO dbo.DimProduct ([ProductKey], [SKU], [ProductName], [Category], [Subcategory], [Brand], [UnitCost], [ListPrice], [LaunchDate], [DiscontinuedFlag]) VALUES (42, 'SKU-PET-10042', 'Orthopedic Pet Bed', 'Pet', 'Accessories', 'ComfyPaws', 25.48, 45.50, '2023-07-20', 0);
INSERT INTO dbo.DimProduct ([ProductKey], [SKU], [ProductName], [Category], [Subcategory], [Brand], [UnitCost], [ListPrice], [LaunchDate], [DiscontinuedFlag]) VALUES (43, 'SKU-PET-10043', 'Self Cleaning Brush', 'Pet', 'Grooming', 'FurEase', 31.60, 52.67, '2024-12-02', 0);
INSERT INTO dbo.DimProduct ([ProductKey], [SKU], [ProductName], [Category], [Subcategory], [Brand], [UnitCost], [ListPrice], [LaunchDate], [DiscontinuedFlag]) VALUES (44, 'SKU-AUT-10044', 'Synthetic Motor Oil Pack', 'Automotive', 'Maintenance', 'RoadPrime', 46.60, 72.82, '2021-05-09', 0);
INSERT INTO dbo.DimProduct ([ProductKey], [SKU], [ProductName], [Category], [Subcategory], [Brand], [UnitCost], [ListPrice], [LaunchDate], [DiscontinuedFlag]) VALUES (45, 'SKU-AUT-10045', 'All Weather Floor Mats', 'Automotive', 'Accessories', 'DriveGuard', 29.87, 62.23, '2022-10-16', 1);
INSERT INTO dbo.DimProduct ([ProductKey], [SKU], [ProductName], [Category], [Subcategory], [Brand], [UnitCost], [ListPrice], [LaunchDate], [DiscontinuedFlag]) VALUES (46, 'SKU-GAR-10046', 'Indoor Herb Garden Kit', 'Garden', 'Plants', 'GrowNest', 47.21, 90.79, '2023-03-23', 0);
INSERT INTO dbo.DimProduct ([ProductKey], [SKU], [ProductName], [Category], [Subcategory], [Brand], [UnitCost], [ListPrice], [LaunchDate], [DiscontinuedFlag]) VALUES (47, 'SKU-GAR-10047', 'Cordless Hedge Trimmer', 'Garden', 'Tools', 'YardForce', 56.17, 100.30, '2024-08-05', 0);
INSERT INTO dbo.DimProduct ([ProductKey], [SKU], [ProductName], [Category], [Subcategory], [Brand], [UnitCost], [ListPrice], [LaunchDate], [DiscontinuedFlag]) VALUES (48, 'SKU-OFF-10048', 'Premium Notebook Set', 'Office', 'Supplies', 'PaperGuild', 32.62, 54.37, '2021-01-12', 0);
INSERT INTO dbo.DimProduct ([ProductKey], [SKU], [ProductName], [Category], [Subcategory], [Brand], [UnitCost], [ListPrice], [LaunchDate], [DiscontinuedFlag]) VALUES (49, 'SKU-OFF-10049', 'Wireless Presentation Clicker', 'Office', 'Technology', 'DeskPilot', 27.52, 43.00, '2022-06-19', 0);
INSERT INTO dbo.DimProduct ([ProductKey], [SKU], [ProductName], [Category], [Subcategory], [Brand], [UnitCost], [ListPrice], [LaunchDate], [DiscontinuedFlag]) VALUES (50, 'SKU-HEA-10050', 'Digital Blood Pressure Monitor', 'Health', 'Personal Care', 'CareMetric', 28.78, 59.95, '2023-11-01', 0);

GO

-- DimStore: 50 rows
INSERT INTO dbo.DimStore ([StoreKey], [StoreCode], [StoreName], [RegionKey], [StoreType], [OpeningDate], [SquareFeet], [StoreManager], [Channel], [Status]) VALUES (1, 'STR-1001', 'RetailPro Seattle Neighborhood', 1, 'Neighborhood', '2015-03-04', 19375, 'Priya Sharma', 'Omnichannel', 'Active');
INSERT INTO dbo.DimStore ([StoreKey], [StoreCode], [StoreName], [RegionKey], [StoreType], [OpeningDate], [SquareFeet], [StoreManager], [Channel], [Status]) VALUES (2, 'STR-1002', 'RetailPro San Francisco Outlet', 2, 'Outlet', '2016-05-07', 20750, 'Marcus Allen', 'E-Commerce Fulfillment', 'Active');
INSERT INTO dbo.DimStore ([StoreKey], [StoreCode], [StoreName], [RegionKey], [StoreType], [OpeningDate], [SquareFeet], [StoreManager], [Channel], [Status]) VALUES (3, 'STR-1003', 'RetailPro Los Angeles Flagship', 3, 'Flagship', '2017-07-10', 22125, 'Elena Garcia', 'Brick-and-Mortar', 'Active');
INSERT INTO dbo.DimStore ([StoreKey], [StoreCode], [StoreName], [RegionKey], [StoreType], [OpeningDate], [SquareFeet], [StoreManager], [Channel], [Status]) VALUES (4, 'STR-1004', 'RetailPro Riverside Urban Express', 4, 'Urban Express', '2018-09-13', 23500, 'Daniel Kim', 'Omnichannel', 'Active');
INSERT INTO dbo.DimStore ([StoreKey], [StoreCode], [StoreName], [RegionKey], [StoreType], [OpeningDate], [SquareFeet], [StoreManager], [Channel], [Status]) VALUES (5, 'STR-1005', 'RetailPro Denver Supercenter', 5, 'Supercenter', '2019-11-16', 24875, 'Rachel Scott', 'E-Commerce Fulfillment', 'Active');
INSERT INTO dbo.DimStore ([StoreKey], [StoreCode], [StoreName], [RegionKey], [StoreType], [OpeningDate], [SquareFeet], [StoreManager], [Channel], [Status]) VALUES (6, 'STR-1006', 'RetailPro Phoenix Neighborhood', 6, 'Neighborhood', '2020-01-19', 26250, 'Victor Nguyen', 'Brick-and-Mortar', 'Active');
INSERT INTO dbo.DimStore ([StoreKey], [StoreCode], [StoreName], [RegionKey], [StoreType], [OpeningDate], [SquareFeet], [StoreManager], [Channel], [Status]) VALUES (7, 'STR-1007', 'RetailPro Las Vegas Outlet', 7, 'Outlet', '2021-03-22', 27625, 'Hannah Lewis', 'Omnichannel', 'Active');
INSERT INTO dbo.DimStore ([StoreKey], [StoreCode], [StoreName], [RegionKey], [StoreType], [OpeningDate], [SquareFeet], [StoreManager], [Channel], [Status]) VALUES (8, 'STR-1008', 'RetailPro Portland Flagship', 8, 'Flagship', '2022-05-25', 29000, 'Owen Carter', 'E-Commerce Fulfillment', 'Active');
INSERT INTO dbo.DimStore ([StoreKey], [StoreCode], [StoreName], [RegionKey], [StoreType], [OpeningDate], [SquareFeet], [StoreManager], [Channel], [Status]) VALUES (9, 'STR-1009', 'RetailPro Salt Lake City Urban Express', 9, 'Urban Express', '2014-07-02', 30375, 'Nora Adams', 'Brick-and-Mortar', 'Active');
INSERT INTO dbo.DimStore ([StoreKey], [StoreCode], [StoreName], [RegionKey], [StoreType], [OpeningDate], [SquareFeet], [StoreManager], [Channel], [Status]) VALUES (10, 'STR-1010', 'RetailPro Anchorage Supercenter', 10, 'Supercenter', '2015-09-05', 31750, 'Jordan Hayes', 'Omnichannel', 'Active');
INSERT INTO dbo.DimStore ([StoreKey], [StoreCode], [StoreName], [RegionKey], [StoreType], [OpeningDate], [SquareFeet], [StoreManager], [Channel], [Status]) VALUES (11, 'STR-1011', 'RetailPro Dallas Neighborhood', 11, 'Neighborhood', '2016-11-08', 33125, 'Priya Sharma', 'E-Commerce Fulfillment', 'Active');
INSERT INTO dbo.DimStore ([StoreKey], [StoreCode], [StoreName], [RegionKey], [StoreType], [OpeningDate], [SquareFeet], [StoreManager], [Channel], [Status]) VALUES (12, 'STR-1012', 'RetailPro Houston Outlet', 12, 'Outlet', '2017-01-11', 34500, 'Marcus Allen', 'Brick-and-Mortar', 'Active');
INSERT INTO dbo.DimStore ([StoreKey], [StoreCode], [StoreName], [RegionKey], [StoreType], [OpeningDate], [SquareFeet], [StoreManager], [Channel], [Status]) VALUES (13, 'STR-1013', 'RetailPro Austin Flagship', 13, 'Flagship', '2018-03-14', 35875, 'Elena Garcia', 'Omnichannel', 'Active');
INSERT INTO dbo.DimStore ([StoreKey], [StoreCode], [StoreName], [RegionKey], [StoreType], [OpeningDate], [SquareFeet], [StoreManager], [Channel], [Status]) VALUES (14, 'STR-1014', 'RetailPro Miami Urban Express', 14, 'Urban Express', '2019-05-17', 37250, 'Daniel Kim', 'E-Commerce Fulfillment', 'Active');
INSERT INTO dbo.DimStore ([StoreKey], [StoreCode], [StoreName], [RegionKey], [StoreType], [OpeningDate], [SquareFeet], [StoreManager], [Channel], [Status]) VALUES (15, 'STR-1015', 'RetailPro Tampa Supercenter', 15, 'Supercenter', '2020-07-20', 38625, 'Rachel Scott', 'Brick-and-Mortar', 'Active');
INSERT INTO dbo.DimStore ([StoreKey], [StoreCode], [StoreName], [RegionKey], [StoreType], [OpeningDate], [SquareFeet], [StoreManager], [Channel], [Status]) VALUES (16, 'STR-1016', 'RetailPro Atlanta Neighborhood', 16, 'Neighborhood', '2021-09-23', 40000, 'Victor Nguyen', 'Omnichannel', 'Active');
INSERT INTO dbo.DimStore ([StoreKey], [StoreCode], [StoreName], [RegionKey], [StoreType], [OpeningDate], [SquareFeet], [StoreManager], [Channel], [Status]) VALUES (17, 'STR-1017', 'RetailPro Charlotte Outlet', 17, 'Outlet', '2022-11-26', 41375, 'Hannah Lewis', 'E-Commerce Fulfillment', 'Remodeling');
INSERT INTO dbo.DimStore ([StoreKey], [StoreCode], [StoreName], [RegionKey], [StoreType], [OpeningDate], [SquareFeet], [StoreManager], [Channel], [Status]) VALUES (18, 'STR-1018', 'RetailPro Nashville Flagship', 18, 'Flagship', '2014-01-03', 42750, 'Owen Carter', 'Brick-and-Mortar', 'Active');
INSERT INTO dbo.DimStore ([StoreKey], [StoreCode], [StoreName], [RegionKey], [StoreType], [OpeningDate], [SquareFeet], [StoreManager], [Channel], [Status]) VALUES (19, 'STR-1019', 'RetailPro New Orleans Urban Express', 19, 'Urban Express', '2015-03-06', 44125, 'Nora Adams', 'Omnichannel', 'Active');
INSERT INTO dbo.DimStore ([StoreKey], [StoreCode], [StoreName], [RegionKey], [StoreType], [OpeningDate], [SquareFeet], [StoreManager], [Channel], [Status]) VALUES (20, 'STR-1020', 'RetailPro Oklahoma City Supercenter', 20, 'Supercenter', '2016-05-09', 45500, 'Jordan Hayes', 'E-Commerce Fulfillment', 'Active');
INSERT INTO dbo.DimStore ([StoreKey], [StoreCode], [StoreName], [RegionKey], [StoreType], [OpeningDate], [SquareFeet], [StoreManager], [Channel], [Status]) VALUES (21, 'STR-1021', 'RetailPro New York Neighborhood', 21, 'Neighborhood', '2017-07-12', 46875, 'Priya Sharma', 'Brick-and-Mortar', 'Active');
INSERT INTO dbo.DimStore ([StoreKey], [StoreCode], [StoreName], [RegionKey], [StoreType], [OpeningDate], [SquareFeet], [StoreManager], [Channel], [Status]) VALUES (22, 'STR-1022', 'RetailPro Boston Outlet', 22, 'Outlet', '2018-09-15', 48250, 'Marcus Allen', 'Omnichannel', 'Active');
INSERT INTO dbo.DimStore ([StoreKey], [StoreCode], [StoreName], [RegionKey], [StoreType], [OpeningDate], [SquareFeet], [StoreManager], [Channel], [Status]) VALUES (23, 'STR-1023', 'RetailPro Philadelphia Flagship', 23, 'Flagship', '2019-11-18', 49625, 'Elena Garcia', 'E-Commerce Fulfillment', 'Active');
INSERT INTO dbo.DimStore ([StoreKey], [StoreCode], [StoreName], [RegionKey], [StoreType], [OpeningDate], [SquareFeet], [StoreManager], [Channel], [Status]) VALUES (24, 'STR-1024', 'RetailPro Washington Urban Express', 24, 'Urban Express', '2020-01-21', 51000, 'Daniel Kim', 'Brick-and-Mortar', 'Active');
INSERT INTO dbo.DimStore ([StoreKey], [StoreCode], [StoreName], [RegionKey], [StoreType], [OpeningDate], [SquareFeet], [StoreManager], [Channel], [Status]) VALUES (25, 'STR-1025', 'RetailPro Newark Supercenter', 25, 'Supercenter', '2021-03-24', 52375, 'Rachel Scott', 'Omnichannel', 'Active');
INSERT INTO dbo.DimStore ([StoreKey], [StoreCode], [StoreName], [RegionKey], [StoreType], [OpeningDate], [SquareFeet], [StoreManager], [Channel], [Status]) VALUES (26, 'STR-1026', 'RetailPro Baltimore Neighborhood', 26, 'Neighborhood', '2022-05-01', 53750, 'Victor Nguyen', 'E-Commerce Fulfillment', 'Active');
INSERT INTO dbo.DimStore ([StoreKey], [StoreCode], [StoreName], [RegionKey], [StoreType], [OpeningDate], [SquareFeet], [StoreManager], [Channel], [Status]) VALUES (27, 'STR-1027', 'RetailPro Richmond Outlet', 27, 'Outlet', '2014-07-04', 55125, 'Hannah Lewis', 'Brick-and-Mortar', 'Active');
INSERT INTO dbo.DimStore ([StoreKey], [StoreCode], [StoreName], [RegionKey], [StoreType], [OpeningDate], [SquareFeet], [StoreManager], [Channel], [Status]) VALUES (28, 'STR-1028', 'RetailPro Hartford Flagship', 28, 'Flagship', '2015-09-07', 56500, 'Owen Carter', 'Omnichannel', 'Active');
INSERT INTO dbo.DimStore ([StoreKey], [StoreCode], [StoreName], [RegionKey], [StoreType], [OpeningDate], [SquareFeet], [StoreManager], [Channel], [Status]) VALUES (29, 'STR-1029', 'RetailPro Providence Urban Express', 29, 'Urban Express', '2016-11-10', 57875, 'Nora Adams', 'E-Commerce Fulfillment', 'Active');
INSERT INTO dbo.DimStore ([StoreKey], [StoreCode], [StoreName], [RegionKey], [StoreType], [OpeningDate], [SquareFeet], [StoreManager], [Channel], [Status]) VALUES (30, 'STR-1030', 'RetailPro Portland Supercenter', 30, 'Supercenter', '2017-01-13', 59250, 'Jordan Hayes', 'Brick-and-Mortar', 'Active');
INSERT INTO dbo.DimStore ([StoreKey], [StoreCode], [StoreName], [RegionKey], [StoreType], [OpeningDate], [SquareFeet], [StoreManager], [Channel], [Status]) VALUES (31, 'STR-1031', 'RetailPro Chicago Neighborhood', 31, 'Neighborhood', '2018-03-16', 60625, 'Priya Sharma', 'Omnichannel', 'Active');
INSERT INTO dbo.DimStore ([StoreKey], [StoreCode], [StoreName], [RegionKey], [StoreType], [OpeningDate], [SquareFeet], [StoreManager], [Channel], [Status]) VALUES (32, 'STR-1032', 'RetailPro Detroit Outlet', 32, 'Outlet', '2019-05-19', 62000, 'Marcus Allen', 'E-Commerce Fulfillment', 'Active');
INSERT INTO dbo.DimStore ([StoreKey], [StoreCode], [StoreName], [RegionKey], [StoreType], [OpeningDate], [SquareFeet], [StoreManager], [Channel], [Status]) VALUES (33, 'STR-1033', 'RetailPro Columbus Flagship', 33, 'Flagship', '2020-07-22', 63375, 'Elena Garcia', 'Brick-and-Mortar', 'Active');
INSERT INTO dbo.DimStore ([StoreKey], [StoreCode], [StoreName], [RegionKey], [StoreType], [OpeningDate], [SquareFeet], [StoreManager], [Channel], [Status]) VALUES (34, 'STR-1034', 'RetailPro Indianapolis Urban Express', 34, 'Urban Express', '2021-09-25', 64750, 'Daniel Kim', 'Omnichannel', 'Remodeling');
INSERT INTO dbo.DimStore ([StoreKey], [StoreCode], [StoreName], [RegionKey], [StoreType], [OpeningDate], [SquareFeet], [StoreManager], [Channel], [Status]) VALUES (35, 'STR-1035', 'RetailPro Milwaukee Supercenter', 35, 'Supercenter', '2022-11-02', 66125, 'Rachel Scott', 'E-Commerce Fulfillment', 'Active');
INSERT INTO dbo.DimStore ([StoreKey], [StoreCode], [StoreName], [RegionKey], [StoreType], [OpeningDate], [SquareFeet], [StoreManager], [Channel], [Status]) VALUES (36, 'STR-1036', 'RetailPro Minneapolis Neighborhood', 36, 'Neighborhood', '2014-01-05', 67500, 'Victor Nguyen', 'Brick-and-Mortar', 'Active');
INSERT INTO dbo.DimStore ([StoreKey], [StoreCode], [StoreName], [RegionKey], [StoreType], [OpeningDate], [SquareFeet], [StoreManager], [Channel], [Status]) VALUES (37, 'STR-1037', 'RetailPro St. Louis Outlet', 37, 'Outlet', '2015-03-08', 68875, 'Hannah Lewis', 'Omnichannel', 'Active');
INSERT INTO dbo.DimStore ([StoreKey], [StoreCode], [StoreName], [RegionKey], [StoreType], [OpeningDate], [SquareFeet], [StoreManager], [Channel], [Status]) VALUES (38, 'STR-1038', 'RetailPro Wichita Flagship', 38, 'Flagship', '2016-05-11', 70250, 'Owen Carter', 'E-Commerce Fulfillment', 'Active');
INSERT INTO dbo.DimStore ([StoreKey], [StoreCode], [StoreName], [RegionKey], [StoreType], [OpeningDate], [SquareFeet], [StoreManager], [Channel], [Status]) VALUES (39, 'STR-1039', 'RetailPro Des Moines Urban Express', 39, 'Urban Express', '2017-07-14', 71625, 'Nora Adams', 'Brick-and-Mortar', 'Active');
INSERT INTO dbo.DimStore ([StoreKey], [StoreCode], [StoreName], [RegionKey], [StoreType], [OpeningDate], [SquareFeet], [StoreManager], [Channel], [Status]) VALUES (40, 'STR-1040', 'RetailPro Omaha Supercenter', 40, 'Supercenter', '2018-09-17', 73000, 'Jordan Hayes', 'Omnichannel', 'Active');
INSERT INTO dbo.DimStore ([StoreKey], [StoreCode], [StoreName], [RegionKey], [StoreType], [OpeningDate], [SquareFeet], [StoreManager], [Channel], [Status]) VALUES (41, 'STR-1041', 'RetailPro Fargo Neighborhood', 41, 'Neighborhood', '2019-11-20', 74375, 'Priya Sharma', 'E-Commerce Fulfillment', 'Active');
INSERT INTO dbo.DimStore ([StoreKey], [StoreCode], [StoreName], [RegionKey], [StoreType], [OpeningDate], [SquareFeet], [StoreManager], [Channel], [Status]) VALUES (42, 'STR-1042', 'RetailPro Sioux Falls Outlet', 42, 'Outlet', '2020-01-23', 75750, 'Marcus Allen', 'Brick-and-Mortar', 'Active');
INSERT INTO dbo.DimStore ([StoreKey], [StoreCode], [StoreName], [RegionKey], [StoreType], [OpeningDate], [SquareFeet], [StoreManager], [Channel], [Status]) VALUES (43, 'STR-1043', 'RetailPro Billings Flagship', 43, 'Flagship', '2021-03-26', 77125, 'Elena Garcia', 'Omnichannel', 'Active');
INSERT INTO dbo.DimStore ([StoreKey], [StoreCode], [StoreName], [RegionKey], [StoreType], [OpeningDate], [SquareFeet], [StoreManager], [Channel], [Status]) VALUES (44, 'STR-1044', 'RetailPro Boise Urban Express', 44, 'Urban Express', '2022-05-03', 78500, 'Daniel Kim', 'E-Commerce Fulfillment', 'Active');
INSERT INTO dbo.DimStore ([StoreKey], [StoreCode], [StoreName], [RegionKey], [StoreType], [OpeningDate], [SquareFeet], [StoreManager], [Channel], [Status]) VALUES (45, 'STR-1045', 'RetailPro Cheyenne Supercenter', 45, 'Supercenter', '2014-07-06', 79875, 'Rachel Scott', 'Brick-and-Mortar', 'Active');
INSERT INTO dbo.DimStore ([StoreKey], [StoreCode], [StoreName], [RegionKey], [StoreType], [OpeningDate], [SquareFeet], [StoreManager], [Channel], [Status]) VALUES (46, 'STR-1046', 'RetailPro Burlington Neighborhood', 46, 'Neighborhood', '2015-09-09', 19250, 'Victor Nguyen', 'Omnichannel', 'Active');
INSERT INTO dbo.DimStore ([StoreKey], [StoreCode], [StoreName], [RegionKey], [StoreType], [OpeningDate], [SquareFeet], [StoreManager], [Channel], [Status]) VALUES (47, 'STR-1047', 'RetailPro Manchester Outlet', 47, 'Outlet', '2016-11-12', 20625, 'Hannah Lewis', 'E-Commerce Fulfillment', 'Active');
INSERT INTO dbo.DimStore ([StoreKey], [StoreCode], [StoreName], [RegionKey], [StoreType], [OpeningDate], [SquareFeet], [StoreManager], [Channel], [Status]) VALUES (48, 'STR-1048', 'RetailPro Buffalo Flagship', 48, 'Flagship', '2017-01-15', 22000, 'Owen Carter', 'Brick-and-Mortar', 'Active');
INSERT INTO dbo.DimStore ([StoreKey], [StoreCode], [StoreName], [RegionKey], [StoreType], [OpeningDate], [SquareFeet], [StoreManager], [Channel], [Status]) VALUES (49, 'STR-1049', 'RetailPro Grand Rapids Urban Express', 49, 'Urban Express', '2018-03-18', 23375, 'Nora Adams', 'Omnichannel', 'Active');
INSERT INTO dbo.DimStore ([StoreKey], [StoreCode], [StoreName], [RegionKey], [StoreType], [OpeningDate], [SquareFeet], [StoreManager], [Channel], [Status]) VALUES (50, 'STR-1050', 'RetailPro Duluth Supercenter', 50, 'Supercenter', '2019-05-21', 24750, 'Jordan Hayes', 'E-Commerce Fulfillment', 'Active');

GO

-- DimCustomer: 50 rows
INSERT INTO dbo.DimCustomer ([CustomerKey], [CustomerID], [FirstName], [LastName], [Gender], [Age], [Email], [City], [StateName], [RegionKey], [Segment], [LoyaltyTier], [SignupDate], [MarketingOptIn]) VALUES (1, 'CUST-50001', 'Amelia', 'Anderson', 'Male', 25, 'amelia.anderson@example.com', 'Los Angeles', 'California', 3, 'Loyalist', 'Gold', '2021-08-12', 1);
INSERT INTO dbo.DimCustomer ([CustomerKey], [CustomerID], [FirstName], [LastName], [Gender], [Age], [Email], [City], [StateName], [RegionKey], [Segment], [LoyaltyTier], [SignupDate], [MarketingOptIn]) VALUES (2, 'CUST-50002', 'Benjamin', 'Baker', 'Non-Binary', 32, 'benjamin.baker@example.com', 'Phoenix', 'Arizona', 6, 'Value Seeker', 'Silver', '2022-03-23', 1);
INSERT INTO dbo.DimCustomer ([CustomerKey], [CustomerID], [FirstName], [LastName], [Gender], [Age], [Email], [City], [StateName], [RegionKey], [Segment], [LoyaltyTier], [SignupDate], [MarketingOptIn]) VALUES (3, 'CUST-50003', 'Charlotte', 'Carter', 'Prefer Not To Say', 39, 'charlotte.carter@example.com', 'Salt Lake City', 'Utah', 9, 'New Customer', 'Bronze', '2023-10-08', 1);
INSERT INTO dbo.DimCustomer ([CustomerKey], [CustomerID], [FirstName], [LastName], [Gender], [Age], [Email], [City], [StateName], [RegionKey], [Segment], [LoyaltyTier], [SignupDate], [MarketingOptIn]) VALUES (4, 'CUST-50004', 'David', 'Diaz', 'Female', 46, 'david.diaz@example.com', 'Houston', 'Texas', 12, 'At Risk', 'Platinum', '2024-05-19', 1);
INSERT INTO dbo.DimCustomer ([CustomerKey], [CustomerID], [FirstName], [LastName], [Gender], [Age], [Email], [City], [StateName], [RegionKey], [Segment], [LoyaltyTier], [SignupDate], [MarketingOptIn]) VALUES (5, 'CUST-50005', 'Emma', 'Evans', 'Male', 53, 'emma.evans@example.com', 'Tampa', 'Florida', 15, 'VIP', 'Gold', '2020-12-04', 1);
INSERT INTO dbo.DimCustomer ([CustomerKey], [CustomerID], [FirstName], [LastName], [Gender], [Age], [Email], [City], [StateName], [RegionKey], [Segment], [LoyaltyTier], [SignupDate], [MarketingOptIn]) VALUES (6, 'CUST-50006', 'Felix', 'Foster', 'Non-Binary', 60, 'felix.foster@example.com', 'Nashville', 'Tennessee', 18, 'Loyalist', 'Silver', '2021-07-15', 0);
INSERT INTO dbo.DimCustomer ([CustomerKey], [CustomerID], [FirstName], [LastName], [Gender], [Age], [Email], [City], [StateName], [RegionKey], [Segment], [LoyaltyTier], [SignupDate], [MarketingOptIn]) VALUES (7, 'CUST-50007', 'Grace', 'Gupta', 'Prefer Not To Say', 67, 'grace.gupta@example.com', 'New York', 'New York', 21, 'Value Seeker', 'Bronze', '2022-02-26', 1);
INSERT INTO dbo.DimCustomer ([CustomerKey], [CustomerID], [FirstName], [LastName], [Gender], [Age], [Email], [City], [StateName], [RegionKey], [Segment], [LoyaltyTier], [SignupDate], [MarketingOptIn]) VALUES (8, 'CUST-50008', 'Henry', 'Harris', 'Female', 20, 'henry.harris@example.com', 'Washington', 'District of Columbia', 24, 'New Customer', 'Platinum', '2023-09-11', 1);
INSERT INTO dbo.DimCustomer ([CustomerKey], [CustomerID], [FirstName], [LastName], [Gender], [Age], [Email], [City], [StateName], [RegionKey], [Segment], [LoyaltyTier], [SignupDate], [MarketingOptIn]) VALUES (9, 'CUST-50009', 'Iris', 'Iqbal', 'Male', 27, 'iris.iqbal@example.com', 'Richmond', 'Virginia', 27, 'At Risk', 'Gold', '2024-04-22', 1);
INSERT INTO dbo.DimCustomer ([CustomerKey], [CustomerID], [FirstName], [LastName], [Gender], [Age], [Email], [City], [StateName], [RegionKey], [Segment], [LoyaltyTier], [SignupDate], [MarketingOptIn]) VALUES (10, 'CUST-50010', 'Jacob', 'Jones', 'Non-Binary', 34, 'jacob.jones@example.com', 'Portland', 'Maine', 30, 'VIP', 'Silver', '2020-11-07', 1);
INSERT INTO dbo.DimCustomer ([CustomerKey], [CustomerID], [FirstName], [LastName], [Gender], [Age], [Email], [City], [StateName], [RegionKey], [Segment], [LoyaltyTier], [SignupDate], [MarketingOptIn]) VALUES (11, 'CUST-50011', 'Kara', 'Kapoor', 'Prefer Not To Say', 41, 'kara.kapoor@example.com', 'Columbus', 'Ohio', 33, 'Loyalist', 'Bronze', '2021-06-18', 1);
INSERT INTO dbo.DimCustomer ([CustomerKey], [CustomerID], [FirstName], [LastName], [Gender], [Age], [Email], [City], [StateName], [RegionKey], [Segment], [LoyaltyTier], [SignupDate], [MarketingOptIn]) VALUES (12, 'CUST-50012', 'Leo', 'Lopez', 'Female', 48, 'leo.lopez@example.com', 'Minneapolis', 'Minnesota', 36, 'Value Seeker', 'Platinum', '2022-01-03', 0);
INSERT INTO dbo.DimCustomer ([CustomerKey], [CustomerID], [FirstName], [LastName], [Gender], [Age], [Email], [City], [StateName], [RegionKey], [Segment], [LoyaltyTier], [SignupDate], [MarketingOptIn]) VALUES (13, 'CUST-50013', 'Maya', 'Morgan', 'Male', 55, 'maya.morgan@example.com', 'Des Moines', 'Iowa', 39, 'New Customer', 'Gold', '2023-08-14', 1);
INSERT INTO dbo.DimCustomer ([CustomerKey], [CustomerID], [FirstName], [LastName], [Gender], [Age], [Email], [City], [StateName], [RegionKey], [Segment], [LoyaltyTier], [SignupDate], [MarketingOptIn]) VALUES (14, 'CUST-50014', 'Nathan', 'Nguyen', 'Non-Binary', 62, 'nathan.nguyen@example.com', 'Sioux Falls', 'South Dakota', 42, 'At Risk', 'Silver', '2024-03-25', 1);
INSERT INTO dbo.DimCustomer ([CustomerKey], [CustomerID], [FirstName], [LastName], [Gender], [Age], [Email], [City], [StateName], [RegionKey], [Segment], [LoyaltyTier], [SignupDate], [MarketingOptIn]) VALUES (15, 'CUST-50015', 'Olivia', 'Owens', 'Prefer Not To Say', 69, 'olivia.owens@example.com', 'Cheyenne', 'Wyoming', 45, 'VIP', 'Bronze', '2020-10-10', 1);
INSERT INTO dbo.DimCustomer ([CustomerKey], [CustomerID], [FirstName], [LastName], [Gender], [Age], [Email], [City], [StateName], [RegionKey], [Segment], [LoyaltyTier], [SignupDate], [MarketingOptIn]) VALUES (16, 'CUST-50016', 'Peter', 'Parker', 'Female', 22, 'peter.parker@example.com', 'Buffalo', 'New York', 48, 'Loyalist', 'Platinum', '2021-05-21', 1);
INSERT INTO dbo.DimCustomer ([CustomerKey], [CustomerID], [FirstName], [LastName], [Gender], [Age], [Email], [City], [StateName], [RegionKey], [Segment], [LoyaltyTier], [SignupDate], [MarketingOptIn]) VALUES (17, 'CUST-50017', 'Quinn', 'Quintero', 'Male', 29, 'quinn.quintero@example.com', 'Seattle', 'Washington', 1, 'Value Seeker', 'Gold', '2022-12-06', 1);
INSERT INTO dbo.DimCustomer ([CustomerKey], [CustomerID], [FirstName], [LastName], [Gender], [Age], [Email], [City], [StateName], [RegionKey], [Segment], [LoyaltyTier], [SignupDate], [MarketingOptIn]) VALUES (18, 'CUST-50018', 'Riley', 'Robinson', 'Non-Binary', 36, 'riley.robinson@example.com', 'Riverside', 'California', 4, 'New Customer', 'Silver', '2023-07-17', 0);
INSERT INTO dbo.DimCustomer ([CustomerKey], [CustomerID], [FirstName], [LastName], [Gender], [Age], [Email], [City], [StateName], [RegionKey], [Segment], [LoyaltyTier], [SignupDate], [MarketingOptIn]) VALUES (19, 'CUST-50019', 'Sara', 'Singh', 'Prefer Not To Say', 43, 'sara.singh@example.com', 'Las Vegas', 'Nevada', 7, 'At Risk', 'Bronze', '2024-02-02', 1);
INSERT INTO dbo.DimCustomer ([CustomerKey], [CustomerID], [FirstName], [LastName], [Gender], [Age], [Email], [City], [StateName], [RegionKey], [Segment], [LoyaltyTier], [SignupDate], [MarketingOptIn]) VALUES (20, 'CUST-50020', 'Theo', 'Turner', 'Female', 50, 'theo.turner@example.com', 'Anchorage', 'Alaska', 10, 'VIP', 'Platinum', '2020-09-13', 1);
INSERT INTO dbo.DimCustomer ([CustomerKey], [CustomerID], [FirstName], [LastName], [Gender], [Age], [Email], [City], [StateName], [RegionKey], [Segment], [LoyaltyTier], [SignupDate], [MarketingOptIn]) VALUES (21, 'CUST-50021', 'Uma', 'Usman', 'Male', 57, 'uma.usman@example.com', 'Austin', 'Texas', 13, 'Loyalist', 'Gold', '2021-04-24', 1);
INSERT INTO dbo.DimCustomer ([CustomerKey], [CustomerID], [FirstName], [LastName], [Gender], [Age], [Email], [City], [StateName], [RegionKey], [Segment], [LoyaltyTier], [SignupDate], [MarketingOptIn]) VALUES (22, 'CUST-50022', 'Vikram', 'Vasquez', 'Non-Binary', 64, 'vikram.vasquez@example.com', 'Atlanta', 'Georgia', 16, 'Value Seeker', 'Silver', '2022-11-09', 1);
INSERT INTO dbo.DimCustomer ([CustomerKey], [CustomerID], [FirstName], [LastName], [Gender], [Age], [Email], [City], [StateName], [RegionKey], [Segment], [LoyaltyTier], [SignupDate], [MarketingOptIn]) VALUES (23, 'CUST-50023', 'Wendy', 'White', 'Prefer Not To Say', 71, 'wendy.white@example.com', 'New Orleans', 'Louisiana', 19, 'New Customer', 'Bronze', '2023-06-20', 1);
INSERT INTO dbo.DimCustomer ([CustomerKey], [CustomerID], [FirstName], [LastName], [Gender], [Age], [Email], [City], [StateName], [RegionKey], [Segment], [LoyaltyTier], [SignupDate], [MarketingOptIn]) VALUES (24, 'CUST-50024', 'Xavier', 'Xu', 'Female', 24, 'xavier.xu@example.com', 'Boston', 'Massachusetts', 22, 'At Risk', 'Platinum', '2024-01-05', 0);
INSERT INTO dbo.DimCustomer ([CustomerKey], [CustomerID], [FirstName], [LastName], [Gender], [Age], [Email], [City], [StateName], [RegionKey], [Segment], [LoyaltyTier], [SignupDate], [MarketingOptIn]) VALUES (25, 'CUST-50025', 'Yara', 'Young', 'Male', 31, 'yara.young@example.com', 'Newark', 'New Jersey', 25, 'VIP', 'Gold', '2020-08-16', 1);
INSERT INTO dbo.DimCustomer ([CustomerKey], [CustomerID], [FirstName], [LastName], [Gender], [Age], [Email], [City], [StateName], [RegionKey], [Segment], [LoyaltyTier], [SignupDate], [MarketingOptIn]) VALUES (26, 'CUST-50026', 'Zane', 'Zimmer', 'Non-Binary', 38, 'zane.zimmer@example.com', 'Hartford', 'Connecticut', 28, 'Loyalist', 'Silver', '2021-03-01', 1);
INSERT INTO dbo.DimCustomer ([CustomerKey], [CustomerID], [FirstName], [LastName], [Gender], [Age], [Email], [City], [StateName], [RegionKey], [Segment], [LoyaltyTier], [SignupDate], [MarketingOptIn]) VALUES (27, 'CUST-50027', 'Aisha', 'Ali', 'Prefer Not To Say', 45, 'aisha.ali@example.com', 'Chicago', 'Illinois', 31, 'Value Seeker', 'Bronze', '2022-10-12', 1);
INSERT INTO dbo.DimCustomer ([CustomerKey], [CustomerID], [FirstName], [LastName], [Gender], [Age], [Email], [City], [StateName], [RegionKey], [Segment], [LoyaltyTier], [SignupDate], [MarketingOptIn]) VALUES (28, 'CUST-50028', 'Caleb', 'Brown', 'Female', 52, 'caleb.brown@example.com', 'Indianapolis', 'Indiana', 34, 'New Customer', 'Platinum', '2023-05-23', 1);
INSERT INTO dbo.DimCustomer ([CustomerKey], [CustomerID], [FirstName], [LastName], [Gender], [Age], [Email], [City], [StateName], [RegionKey], [Segment], [LoyaltyTier], [SignupDate], [MarketingOptIn]) VALUES (29, 'CUST-50029', 'Diana', 'Chandra', 'Male', 59, 'diana.chandra@example.com', 'St. Louis', 'Missouri', 37, 'At Risk', 'Gold', '2024-12-08', 1);
INSERT INTO dbo.DimCustomer ([CustomerKey], [CustomerID], [FirstName], [LastName], [Gender], [Age], [Email], [City], [StateName], [RegionKey], [Segment], [LoyaltyTier], [SignupDate], [MarketingOptIn]) VALUES (30, 'CUST-50030', 'Eli', 'Duncan', 'Non-Binary', 66, 'eli.duncan@example.com', 'Omaha', 'Nebraska', 40, 'VIP', 'Silver', '2020-07-19', 0);
INSERT INTO dbo.DimCustomer ([CustomerKey], [CustomerID], [FirstName], [LastName], [Gender], [Age], [Email], [City], [StateName], [RegionKey], [Segment], [LoyaltyTier], [SignupDate], [MarketingOptIn]) VALUES (31, 'CUST-50031', 'Fatima', 'Edwards', 'Prefer Not To Say', 19, 'fatima.edwards@example.com', 'Billings', 'Montana', 43, 'Loyalist', 'Bronze', '2021-02-04', 1);
INSERT INTO dbo.DimCustomer ([CustomerKey], [CustomerID], [FirstName], [LastName], [Gender], [Age], [Email], [City], [StateName], [RegionKey], [Segment], [LoyaltyTier], [SignupDate], [MarketingOptIn]) VALUES (32, 'CUST-50032', 'Gavin', 'Flores', 'Female', 26, 'gavin.flores@example.com', 'Burlington', 'Vermont', 46, 'Value Seeker', 'Platinum', '2022-09-15', 1);
INSERT INTO dbo.DimCustomer ([CustomerKey], [CustomerID], [FirstName], [LastName], [Gender], [Age], [Email], [City], [StateName], [RegionKey], [Segment], [LoyaltyTier], [SignupDate], [MarketingOptIn]) VALUES (33, 'CUST-50033', 'Harper', 'Green', 'Male', 33, 'harper.green@example.com', 'Grand Rapids', 'Michigan', 49, 'New Customer', 'Gold', '2023-04-26', 1);
INSERT INTO dbo.DimCustomer ([CustomerKey], [CustomerID], [FirstName], [LastName], [Gender], [Age], [Email], [City], [StateName], [RegionKey], [Segment], [LoyaltyTier], [SignupDate], [MarketingOptIn]) VALUES (34, 'CUST-50034', 'Ivan', 'Hill', 'Non-Binary', 40, 'ivan.hill@example.com', 'San Francisco', 'California', 2, 'At Risk', 'Silver', '2024-11-11', 1);
INSERT INTO dbo.DimCustomer ([CustomerKey], [CustomerID], [FirstName], [LastName], [Gender], [Age], [Email], [City], [StateName], [RegionKey], [Segment], [LoyaltyTier], [SignupDate], [MarketingOptIn]) VALUES (35, 'CUST-50035', 'Jasmine', 'Irwin', 'Prefer Not To Say', 47, 'jasmine.irwin@example.com', 'Denver', 'Colorado', 5, 'VIP', 'Bronze', '2020-06-22', 1);
INSERT INTO dbo.DimCustomer ([CustomerKey], [CustomerID], [FirstName], [LastName], [Gender], [Age], [Email], [City], [StateName], [RegionKey], [Segment], [LoyaltyTier], [SignupDate], [MarketingOptIn]) VALUES (36, 'CUST-50036', 'Kai', 'Jain', 'Female', 54, 'kai.jain@example.com', 'Portland', 'Oregon', 8, 'Loyalist', 'Platinum', '2021-01-07', 0);
INSERT INTO dbo.DimCustomer ([CustomerKey], [CustomerID], [FirstName], [LastName], [Gender], [Age], [Email], [City], [StateName], [RegionKey], [Segment], [LoyaltyTier], [SignupDate], [MarketingOptIn]) VALUES (37, 'CUST-50037', 'Lina', 'Kim', 'Male', 61, 'lina.kim@example.com', 'Dallas', 'Texas', 11, 'Value Seeker', 'Gold', '2022-08-18', 1);
INSERT INTO dbo.DimCustomer ([CustomerKey], [CustomerID], [FirstName], [LastName], [Gender], [Age], [Email], [City], [StateName], [RegionKey], [Segment], [LoyaltyTier], [SignupDate], [MarketingOptIn]) VALUES (38, 'CUST-50038', 'Mateo', 'Lee', 'Non-Binary', 68, 'mateo.lee@example.com', 'Miami', 'Florida', 14, 'New Customer', 'Silver', '2023-03-03', 1);
INSERT INTO dbo.DimCustomer ([CustomerKey], [CustomerID], [FirstName], [LastName], [Gender], [Age], [Email], [City], [StateName], [RegionKey], [Segment], [LoyaltyTier], [SignupDate], [MarketingOptIn]) VALUES (39, 'CUST-50039', 'Nina', 'Mendez', 'Prefer Not To Say', 21, 'nina.mendez@example.com', 'Charlotte', 'North Carolina', 17, 'At Risk', 'Bronze', '2024-10-14', 1);
INSERT INTO dbo.DimCustomer ([CustomerKey], [CustomerID], [FirstName], [LastName], [Gender], [Age], [Email], [City], [StateName], [RegionKey], [Segment], [LoyaltyTier], [SignupDate], [MarketingOptIn]) VALUES (40, 'CUST-50040', 'Oscar', 'Nelson', 'Female', 28, 'oscar.nelson@example.com', 'Oklahoma City', 'Oklahoma', 20, 'VIP', 'Platinum', '2020-05-25', 1);
INSERT INTO dbo.DimCustomer ([CustomerKey], [CustomerID], [FirstName], [LastName], [Gender], [Age], [Email], [City], [StateName], [RegionKey], [Segment], [LoyaltyTier], [SignupDate], [MarketingOptIn]) VALUES (41, 'CUST-50041', 'Paula', 'Ortiz', 'Male', 35, 'paula.ortiz@example.com', 'Philadelphia', 'Pennsylvania', 23, 'Loyalist', 'Gold', '2021-12-10', 1);
INSERT INTO dbo.DimCustomer ([CustomerKey], [CustomerID], [FirstName], [LastName], [Gender], [Age], [Email], [City], [StateName], [RegionKey], [Segment], [LoyaltyTier], [SignupDate], [MarketingOptIn]) VALUES (42, 'CUST-50042', 'Reed', 'Price', 'Non-Binary', 42, 'reed.price@example.com', 'Baltimore', 'Maryland', 26, 'Value Seeker', 'Silver', '2022-07-21', 0);
INSERT INTO dbo.DimCustomer ([CustomerKey], [CustomerID], [FirstName], [LastName], [Gender], [Age], [Email], [City], [StateName], [RegionKey], [Segment], [LoyaltyTier], [SignupDate], [MarketingOptIn]) VALUES (43, 'CUST-50043', 'Sonia', 'Rao', 'Prefer Not To Say', 49, 'sonia.rao@example.com', 'Providence', 'Rhode Island', 29, 'New Customer', 'Bronze', '2023-02-06', 1);
INSERT INTO dbo.DimCustomer ([CustomerKey], [CustomerID], [FirstName], [LastName], [Gender], [Age], [Email], [City], [StateName], [RegionKey], [Segment], [LoyaltyTier], [SignupDate], [MarketingOptIn]) VALUES (44, 'CUST-50044', 'Tara', 'Stone', 'Female', 56, 'tara.stone@example.com', 'Detroit', 'Michigan', 32, 'At Risk', 'Platinum', '2024-09-17', 1);
INSERT INTO dbo.DimCustomer ([CustomerKey], [CustomerID], [FirstName], [LastName], [Gender], [Age], [Email], [City], [StateName], [RegionKey], [Segment], [LoyaltyTier], [SignupDate], [MarketingOptIn]) VALUES (45, 'CUST-50045', 'Uday', 'Thomas', 'Male', 63, 'uday.thomas@example.com', 'Milwaukee', 'Wisconsin', 35, 'VIP', 'Gold', '2020-04-02', 1);
INSERT INTO dbo.DimCustomer ([CustomerKey], [CustomerID], [FirstName], [LastName], [Gender], [Age], [Email], [City], [StateName], [RegionKey], [Segment], [LoyaltyTier], [SignupDate], [MarketingOptIn]) VALUES (46, 'CUST-50046', 'Valerie', 'Upton', 'Non-Binary', 70, 'valerie.upton@example.com', 'Wichita', 'Kansas', 38, 'Loyalist', 'Silver', '2021-11-13', 1);
INSERT INTO dbo.DimCustomer ([CustomerKey], [CustomerID], [FirstName], [LastName], [Gender], [Age], [Email], [City], [StateName], [RegionKey], [Segment], [LoyaltyTier], [SignupDate], [MarketingOptIn]) VALUES (47, 'CUST-50047', 'Will', 'Verma', 'Prefer Not To Say', 23, 'will.verma@example.com', 'Fargo', 'North Dakota', 41, 'Value Seeker', 'Bronze', '2022-06-24', 1);
INSERT INTO dbo.DimCustomer ([CustomerKey], [CustomerID], [FirstName], [LastName], [Gender], [Age], [Email], [City], [StateName], [RegionKey], [Segment], [LoyaltyTier], [SignupDate], [MarketingOptIn]) VALUES (48, 'CUST-50048', 'Yusuf', 'Walker', 'Female', 30, 'yusuf.walker@example.com', 'Boise', 'Idaho', 44, 'New Customer', 'Platinum', '2023-01-09', 0);
INSERT INTO dbo.DimCustomer ([CustomerKey], [CustomerID], [FirstName], [LastName], [Gender], [Age], [Email], [City], [StateName], [RegionKey], [Segment], [LoyaltyTier], [SignupDate], [MarketingOptIn]) VALUES (49, 'CUST-50049', 'Zoey', 'Yilmaz', 'Male', 37, 'zoey.yilmaz@example.com', 'Manchester', 'New Hampshire', 47, 'At Risk', 'Gold', '2024-08-20', 1);
INSERT INTO dbo.DimCustomer ([CustomerKey], [CustomerID], [FirstName], [LastName], [Gender], [Age], [Email], [City], [StateName], [RegionKey], [Segment], [LoyaltyTier], [SignupDate], [MarketingOptIn]) VALUES (50, 'CUST-50050', 'Aaron', 'Zhang', 'Non-Binary', 44, 'aaron.zhang@example.com', 'Duluth', 'Minnesota', 50, 'VIP', 'Silver', '2020-03-05', 1);

GO

-- FactSales: 50 rows
INSERT INTO dbo.FactSales ([SalesKey], [OrderID], [DateKey], [CustomerKey], [ProductKey], [StoreKey], [RegionKey], [Quantity], [UnitPrice], [DiscountAmount], [SalesAmount], [CostAmount], [ProfitAmount], [PaymentMethod], [OrderChannel], [FulfillmentStatus]) VALUES (1, 'ORD-2025-00001', 20250106, 7, 7, 5, 5, 7, 59.50, 20.83, 395.67, 233.24, 162.43, 'Debit Card', 'Web', 'Picked Up');
INSERT INTO dbo.FactSales ([SalesKey], [OrderID], [DateKey], [CustomerKey], [ProductKey], [StoreKey], [RegionKey], [Quantity], [UnitPrice], [DiscountAmount], [SalesAmount], [CostAmount], [ProfitAmount], [PaymentMethod], [OrderChannel], [FulfillmentStatus]) VALUES (2, 'ORD-2025-00002', 20250108, 14, 14, 10, 10, 6, 205.00, 98.40, 1131.60, 787.20, 344.40, 'Wallet', 'Mobile App', 'Shipped');
INSERT INTO dbo.FactSales ([SalesKey], [OrderID], [DateKey], [CustomerKey], [ProductKey], [StoreKey], [RegionKey], [Quantity], [UnitPrice], [DiscountAmount], [SalesAmount], [CostAmount], [ProfitAmount], [PaymentMethod], [OrderChannel], [FulfillmentStatus]) VALUES (3, 'ORD-2025-00003', 20250110, 21, 21, 15, 15, 5, 39.75, 19.88, 178.87, 103.35, 75.52, 'Gift Card', 'Marketplace', 'Partially Fulfilled');
INSERT INTO dbo.FactSales ([SalesKey], [OrderID], [DateKey], [CustomerKey], [ProductKey], [StoreKey], [RegionKey], [Quantity], [UnitPrice], [DiscountAmount], [SalesAmount], [CostAmount], [ProfitAmount], [PaymentMethod], [OrderChannel], [FulfillmentStatus]) VALUES (4, 'ORD-2025-00004', 20250112, 28, 28, 20, 20, 4, 83.25, 49.95, 283.05, 199.80, 83.25, 'Buy Now Pay Later', 'Store', 'Delivered');
INSERT INTO dbo.FactSales ([SalesKey], [OrderID], [DateKey], [CustomerKey], [ProductKey], [StoreKey], [RegionKey], [Quantity], [UnitPrice], [DiscountAmount], [SalesAmount], [CostAmount], [ProfitAmount], [PaymentMethod], [OrderChannel], [FulfillmentStatus]) VALUES (5, 'ORD-2025-00005', 20250114, 3, 35, 25, 25, 3, 44.00, 0.00, 132.00, 63.36, 68.64, 'Credit Card', 'Web', 'Picked Up');
INSERT INTO dbo.FactSales ([SalesKey], [OrderID], [DateKey], [CustomerKey], [ProductKey], [StoreKey], [RegionKey], [Quantity], [UnitPrice], [DiscountAmount], [SalesAmount], [CostAmount], [ProfitAmount], [PaymentMethod], [OrderChannel], [FulfillmentStatus]) VALUES (6, 'ORD-2025-00006', 20250116, 10, 42, 30, 30, 2, 45.50, 4.55, 86.45, 50.96, 35.49, 'Debit Card', 'Mobile App', 'Shipped');
INSERT INTO dbo.FactSales ([SalesKey], [OrderID], [DateKey], [CustomerKey], [ProductKey], [StoreKey], [RegionKey], [Quantity], [UnitPrice], [DiscountAmount], [SalesAmount], [CostAmount], [ProfitAmount], [PaymentMethod], [OrderChannel], [FulfillmentStatus]) VALUES (7, 'ORD-2025-00007', 20250118, 17, 49, 35, 35, 7, 43.00, 24.08, 276.92, 192.64, 84.28, 'Wallet', 'Marketplace', 'Partially Fulfilled');
INSERT INTO dbo.FactSales ([SalesKey], [OrderID], [DateKey], [CustomerKey], [ProductKey], [StoreKey], [RegionKey], [Quantity], [UnitPrice], [DiscountAmount], [SalesAmount], [CostAmount], [ProfitAmount], [PaymentMethod], [OrderChannel], [FulfillmentStatus]) VALUES (8, 'ORD-2025-00008', 20250120, 24, 6, 40, 40, 6, 83.83, 50.30, 452.68, 261.54, 191.14, 'Gift Card', 'Store', 'Delivered');
INSERT INTO dbo.FactSales ([SalesKey], [OrderID], [DateKey], [CustomerKey], [ProductKey], [StoreKey], [RegionKey], [Quantity], [UnitPrice], [DiscountAmount], [SalesAmount], [CostAmount], [ProfitAmount], [PaymentMethod], [OrderChannel], [FulfillmentStatus]) VALUES (9, 'ORD-2025-00009', 20250122, 31, 13, 45, 45, 5, 303.85, 227.89, 1291.36, 911.55, 379.81, 'Buy Now Pay Later', 'Web', 'Picked Up');
INSERT INTO dbo.FactSales ([SalesKey], [OrderID], [DateKey], [CustomerKey], [ProductKey], [StoreKey], [RegionKey], [Quantity], [UnitPrice], [DiscountAmount], [SalesAmount], [CostAmount], [ProfitAmount], [PaymentMethod], [OrderChannel], [FulfillmentStatus]) VALUES (10, 'ORD-2025-00010', 20250124, 6, 20, 50, 50, 4, 132.44, 0.00, 529.76, 254.28, 275.48, 'Credit Card', 'Mobile App', 'Shipped');
INSERT INTO dbo.FactSales ([SalesKey], [OrderID], [DateKey], [CustomerKey], [ProductKey], [StoreKey], [RegionKey], [Quantity], [UnitPrice], [DiscountAmount], [SalesAmount], [CostAmount], [ProfitAmount], [PaymentMethod], [OrderChannel], [FulfillmentStatus]) VALUES (11, 'ORD-2025-00011', 20250126, 13, 27, 5, 5, 3, 118.38, 17.76, 337.38, 198.87, 138.51, 'Debit Card', 'Marketplace', 'Partially Fulfilled');
INSERT INTO dbo.FactSales ([SalesKey], [OrderID], [DateKey], [CustomerKey], [ProductKey], [StoreKey], [RegionKey], [Quantity], [UnitPrice], [DiscountAmount], [SalesAmount], [CostAmount], [ProfitAmount], [PaymentMethod], [OrderChannel], [FulfillmentStatus]) VALUES (12, 'ORD-2025-00012', 20250128, 20, 34, 10, 10, 2, 82.76, 13.24, 152.28, 105.94, 46.34, 'Wallet', 'Store', 'Delivered');
INSERT INTO dbo.FactSales ([SalesKey], [OrderID], [DateKey], [CustomerKey], [ProductKey], [StoreKey], [RegionKey], [Quantity], [UnitPrice], [DiscountAmount], [SalesAmount], [CostAmount], [ProfitAmount], [PaymentMethod], [OrderChannel], [FulfillmentStatus]) VALUES (13, 'ORD-2025-00013', 20250130, 27, 41, 15, 15, 7, 62.27, 43.59, 392.30, 226.66, 165.64, 'Gift Card', 'Web', 'Picked Up');
INSERT INTO dbo.FactSales ([SalesKey], [OrderID], [DateKey], [CustomerKey], [ProductKey], [StoreKey], [RegionKey], [Quantity], [UnitPrice], [DiscountAmount], [SalesAmount], [CostAmount], [ProfitAmount], [PaymentMethod], [OrderChannel], [FulfillmentStatus]) VALUES (14, 'ORD-2025-00014', 20250201, 2, 48, 20, 20, 6, 54.37, 48.93, 277.29, 195.72, 81.57, 'Buy Now Pay Later', 'Mobile App', 'Shipped');
INSERT INTO dbo.FactSales ([SalesKey], [OrderID], [DateKey], [CustomerKey], [ProductKey], [StoreKey], [RegionKey], [Quantity], [UnitPrice], [DiscountAmount], [SalesAmount], [CostAmount], [ProfitAmount], [PaymentMethod], [OrderChannel], [FulfillmentStatus]) VALUES (15, 'ORD-2025-00015', 20250203, 9, 5, 25, 25, 5, 26.10, 0.00, 130.50, 62.65, 67.85, 'Credit Card', 'Marketplace', 'Partially Fulfilled');
INSERT INTO dbo.FactSales ([SalesKey], [OrderID], [DateKey], [CustomerKey], [ProductKey], [StoreKey], [RegionKey], [Quantity], [UnitPrice], [DiscountAmount], [SalesAmount], [CostAmount], [ProfitAmount], [PaymentMethod], [OrderChannel], [FulfillmentStatus]) VALUES (16, 'ORD-2025-00016', 20250205, 16, 12, 30, 30, 4, 283.00, 56.60, 1075.40, 633.92, 441.48, 'Debit Card', 'Store', 'Delivered');
INSERT INTO dbo.FactSales ([SalesKey], [OrderID], [DateKey], [CustomerKey], [ProductKey], [StoreKey], [RegionKey], [Quantity], [UnitPrice], [DiscountAmount], [SalesAmount], [CostAmount], [ProfitAmount], [PaymentMethod], [OrderChannel], [FulfillmentStatus]) VALUES (17, 'ORD-2025-00017', 20250207, 23, 19, 35, 35, 3, 139.70, 33.53, 385.57, 268.23, 117.34, 'Wallet', 'Web', 'Picked Up');
INSERT INTO dbo.FactSales ([SalesKey], [OrderID], [DateKey], [CustomerKey], [ProductKey], [StoreKey], [RegionKey], [Quantity], [UnitPrice], [DiscountAmount], [SalesAmount], [CostAmount], [ProfitAmount], [PaymentMethod], [OrderChannel], [FulfillmentStatus]) VALUES (18, 'ORD-2025-00018', 20250209, 30, 26, 40, 40, 2, 108.15, 21.63, 194.67, 112.48, 82.19, 'Gift Card', 'Mobile App', 'Shipped');
INSERT INTO dbo.FactSales ([SalesKey], [OrderID], [DateKey], [CustomerKey], [ProductKey], [StoreKey], [RegionKey], [Quantity], [UnitPrice], [DiscountAmount], [SalesAmount], [CostAmount], [ProfitAmount], [PaymentMethod], [OrderChannel], [FulfillmentStatus]) VALUES (19, 'ORD-2025-00019', 20250211, 5, 33, 45, 45, 7, 75.05, 78.80, 446.55, 315.21, 131.34, 'Buy Now Pay Later', 'Marketplace', 'Partially Fulfilled');
INSERT INTO dbo.FactSales ([SalesKey], [OrderID], [DateKey], [CustomerKey], [ProductKey], [StoreKey], [RegionKey], [Quantity], [UnitPrice], [DiscountAmount], [SalesAmount], [CostAmount], [ProfitAmount], [PaymentMethod], [OrderChannel], [FulfillmentStatus]) VALUES (20, 'ORD-2025-00020', 20250213, 12, 40, 50, 50, 6, 377.00, 0.00, 2262.00, 1085.76, 1176.24, 'Credit Card', 'Store', 'Delivered');
INSERT INTO dbo.FactSales ([SalesKey], [OrderID], [DateKey], [CustomerKey], [ProductKey], [StoreKey], [RegionKey], [Quantity], [UnitPrice], [DiscountAmount], [SalesAmount], [CostAmount], [ProfitAmount], [PaymentMethod], [OrderChannel], [FulfillmentStatus]) VALUES (21, 'ORD-2025-00021', 20250215, 19, 47, 5, 5, 5, 100.30, 25.08, 476.42, 280.85, 195.57, 'Debit Card', 'Web', 'Picked Up');
INSERT INTO dbo.FactSales ([SalesKey], [OrderID], [DateKey], [CustomerKey], [ProductKey], [StoreKey], [RegionKey], [Quantity], [UnitPrice], [DiscountAmount], [SalesAmount], [CostAmount], [ProfitAmount], [PaymentMethod], [OrderChannel], [FulfillmentStatus]) VALUES (22, 'ORD-2025-00022', 20250217, 26, 4, 10, 10, 4, 39.48, 12.63, 145.29, 101.08, 44.21, 'Wallet', 'Mobile App', 'Shipped');
INSERT INTO dbo.FactSales ([SalesKey], [OrderID], [DateKey], [CustomerKey], [ProductKey], [StoreKey], [RegionKey], [Quantity], [UnitPrice], [DiscountAmount], [SalesAmount], [CostAmount], [ProfitAmount], [PaymentMethod], [OrderChannel], [FulfillmentStatus]) VALUES (23, 'ORD-2025-00023', 20250219, 1, 11, 15, 15, 3, 262.15, 78.65, 707.80, 408.96, 298.84, 'Gift Card', 'Marketplace', 'Partially Fulfilled');
INSERT INTO dbo.FactSales ([SalesKey], [OrderID], [DateKey], [CustomerKey], [ProductKey], [StoreKey], [RegionKey], [Quantity], [UnitPrice], [DiscountAmount], [SalesAmount], [CostAmount], [ProfitAmount], [PaymentMethod], [OrderChannel], [FulfillmentStatus]) VALUES (24, 'ORD-2025-00024', 20250102, 8, 18, 20, 20, 2, 128.21, 38.46, 217.96, 153.86, 64.10, 'Buy Now Pay Later', 'Store', 'Delivered');
INSERT INTO dbo.FactSales ([SalesKey], [OrderID], [DateKey], [CustomerKey], [ProductKey], [StoreKey], [RegionKey], [Quantity], [UnitPrice], [DiscountAmount], [SalesAmount], [CostAmount], [ProfitAmount], [PaymentMethod], [OrderChannel], [FulfillmentStatus]) VALUES (25, 'ORD-2025-00025', 20250104, 15, 25, 25, 25, 7, 48.96, 0.00, 342.72, 164.50, 178.22, 'Credit Card', 'Web', 'Picked Up');
INSERT INTO dbo.FactSales ([SalesKey], [OrderID], [DateKey], [CustomerKey], [ProductKey], [StoreKey], [RegionKey], [Quantity], [UnitPrice], [DiscountAmount], [SalesAmount], [CostAmount], [ProfitAmount], [PaymentMethod], [OrderChannel], [FulfillmentStatus]) VALUES (26, 'ORD-2025-00026', 20250106, 22, 32, 30, 30, 6, 67.34, 20.20, 383.84, 226.26, 157.58, 'Debit Card', 'Mobile App', 'Shipped');
INSERT INTO dbo.FactSales ([SalesKey], [OrderID], [DateKey], [CustomerKey], [ProductKey], [StoreKey], [RegionKey], [Quantity], [UnitPrice], [DiscountAmount], [SalesAmount], [CostAmount], [ProfitAmount], [PaymentMethod], [OrderChannel], [FulfillmentStatus]) VALUES (27, 'ORD-2025-00027', 20250108, 29, 39, 35, 35, 5, 368.60, 147.44, 1695.56, 1179.50, 516.06, 'Wallet', 'Marketplace', 'Partially Fulfilled');
INSERT INTO dbo.FactSales ([SalesKey], [OrderID], [DateKey], [CustomerKey], [ProductKey], [StoreKey], [RegionKey], [Quantity], [UnitPrice], [DiscountAmount], [SalesAmount], [CostAmount], [ProfitAmount], [PaymentMethod], [OrderChannel], [FulfillmentStatus]) VALUES (28, 'ORD-2025-00028', 20250110, 4, 46, 40, 40, 4, 90.79, 36.32, 326.84, 188.84, 138.00, 'Gift Card', 'Store', 'Delivered');
INSERT INTO dbo.FactSales ([SalesKey], [OrderID], [DateKey], [CustomerKey], [ProductKey], [StoreKey], [RegionKey], [Quantity], [UnitPrice], [DiscountAmount], [SalesAmount], [CostAmount], [ProfitAmount], [PaymentMethod], [OrderChannel], [FulfillmentStatus]) VALUES (29, 'ORD-2025-00029', 20250112, 11, 3, 45, 45, 3, 34.11, 15.35, 86.98, 61.41, 25.57, 'Buy Now Pay Later', 'Web', 'Picked Up');
INSERT INTO dbo.FactSales ([SalesKey], [OrderID], [DateKey], [CustomerKey], [ProductKey], [StoreKey], [RegionKey], [Quantity], [UnitPrice], [DiscountAmount], [SalesAmount], [CostAmount], [ProfitAmount], [PaymentMethod], [OrderChannel], [FulfillmentStatus]) VALUES (30, 'ORD-2025-00030', 20250114, 18, 10, 50, 50, 2, 66.04, 0.00, 132.08, 63.40, 68.68, 'Credit Card', 'Mobile App', 'Shipped');
INSERT INTO dbo.FactSales ([SalesKey], [OrderID], [DateKey], [CustomerKey], [ProductKey], [StoreKey], [RegionKey], [Quantity], [UnitPrice], [DiscountAmount], [SalesAmount], [CostAmount], [ProfitAmount], [PaymentMethod], [OrderChannel], [FulfillmentStatus]) VALUES (31, 'ORD-2025-00031', 20250116, 25, 17, 5, 5, 7, 116.72, 40.85, 776.19, 457.52, 318.67, 'Debit Card', 'Marketplace', 'Partially Fulfilled');
INSERT INTO dbo.FactSales ([SalesKey], [OrderID], [DateKey], [CustomerKey], [ProductKey], [StoreKey], [RegionKey], [Quantity], [UnitPrice], [DiscountAmount], [SalesAmount], [CostAmount], [ProfitAmount], [PaymentMethod], [OrderChannel], [FulfillmentStatus]) VALUES (32, 'ORD-2025-00032', 20250118, 32, 24, 10, 10, 6, 60.72, 29.15, 335.17, 233.16, 102.01, 'Wallet', 'Store', 'Delivered');
INSERT INTO dbo.FactSales ([SalesKey], [OrderID], [DateKey], [CustomerKey], [ProductKey], [StoreKey], [RegionKey], [Quantity], [UnitPrice], [DiscountAmount], [SalesAmount], [CostAmount], [ProfitAmount], [PaymentMethod], [OrderChannel], [FulfillmentStatus]) VALUES (33, 'ORD-2025-00033', 20250120, 7, 31, 15, 15, 5, 59.63, 29.82, 268.33, 155.05, 113.28, 'Gift Card', 'Web', 'Picked Up');
INSERT INTO dbo.FactSales ([SalesKey], [OrderID], [DateKey], [CustomerKey], [ProductKey], [StoreKey], [RegionKey], [Quantity], [UnitPrice], [DiscountAmount], [SalesAmount], [CostAmount], [ProfitAmount], [PaymentMethod], [OrderChannel], [FulfillmentStatus]) VALUES (34, 'ORD-2025-00034', 20250122, 14, 38, 20, 20, 4, 341.45, 204.87, 1160.93, 819.48, 341.45, 'Buy Now Pay Later', 'Mobile App', 'Shipped');
INSERT INTO dbo.FactSales ([SalesKey], [OrderID], [DateKey], [CustomerKey], [ProductKey], [StoreKey], [RegionKey], [Quantity], [UnitPrice], [DiscountAmount], [SalesAmount], [CostAmount], [ProfitAmount], [PaymentMethod], [OrderChannel], [FulfillmentStatus]) VALUES (35, 'ORD-2025-00035', 20250124, 21, 45, 25, 25, 3, 62.23, 0.00, 186.69, 89.61, 97.08, 'Credit Card', 'Marketplace', 'Partially Fulfilled');
INSERT INTO dbo.FactSales ([SalesKey], [OrderID], [DateKey], [CustomerKey], [ProductKey], [StoreKey], [RegionKey], [Quantity], [UnitPrice], [DiscountAmount], [SalesAmount], [CostAmount], [ProfitAmount], [PaymentMethod], [OrderChannel], [FulfillmentStatus]) VALUES (36, 'ORD-2025-00036', 20250126, 28, 2, 30, 30, 2, 28.74, 2.87, 54.61, 32.18, 22.43, 'Debit Card', 'Store', 'Delivered');
INSERT INTO dbo.FactSales ([SalesKey], [OrderID], [DateKey], [CustomerKey], [ProductKey], [StoreKey], [RegionKey], [Quantity], [UnitPrice], [DiscountAmount], [SalesAmount], [CostAmount], [ProfitAmount], [PaymentMethod], [OrderChannel], [FulfillmentStatus]) VALUES (37, 'ORD-2025-00037', 20250128, 3, 9, 35, 35, 7, 76.36, 42.76, 491.76, 342.09, 149.67, 'Wallet', 'Web', 'Picked Up');
INSERT INTO dbo.FactSales ([SalesKey], [OrderID], [DateKey], [CustomerKey], [ProductKey], [StoreKey], [RegionKey], [Quantity], [UnitPrice], [DiscountAmount], [SalesAmount], [CostAmount], [ProfitAmount], [PaymentMethod], [OrderChannel], [FulfillmentStatus]) VALUES (38, 'ORD-2025-00038', 20250130, 10, 16, 40, 40, 6, 105.23, 63.14, 568.24, 328.32, 239.92, 'Gift Card', 'Mobile App', 'Shipped');
INSERT INTO dbo.FactSales ([SalesKey], [OrderID], [DateKey], [CustomerKey], [ProductKey], [StoreKey], [RegionKey], [Quantity], [UnitPrice], [DiscountAmount], [SalesAmount], [CostAmount], [ProfitAmount], [PaymentMethod], [OrderChannel], [FulfillmentStatus]) VALUES (39, 'ORD-2025-00039', 20250201, 17, 23, 45, 45, 5, 53.73, 40.30, 228.35, 161.20, 67.15, 'Buy Now Pay Later', 'Marketplace', 'Partially Fulfilled');
INSERT INTO dbo.FactSales ([SalesKey], [OrderID], [DateKey], [CustomerKey], [ProductKey], [StoreKey], [RegionKey], [Quantity], [UnitPrice], [DiscountAmount], [SalesAmount], [CostAmount], [ProfitAmount], [PaymentMethod], [OrderChannel], [FulfillmentStatus]) VALUES (40, 'ORD-2025-00040', 20250203, 24, 30, 50, 50, 4, 84.96, 0.00, 339.84, 163.12, 176.72, 'Credit Card', 'Store', 'Delivered');
INSERT INTO dbo.FactSales ([SalesKey], [OrderID], [DateKey], [CustomerKey], [ProductKey], [StoreKey], [RegionKey], [Quantity], [UnitPrice], [DiscountAmount], [SalesAmount], [CostAmount], [ProfitAmount], [PaymentMethod], [OrderChannel], [FulfillmentStatus]) VALUES (41, 'ORD-2025-00041', 20250205, 31, 37, 5, 5, 3, 314.30, 47.15, 895.75, 528.03, 367.72, 'Debit Card', 'Web', 'Picked Up');
INSERT INTO dbo.FactSales ([SalesKey], [OrderID], [DateKey], [CustomerKey], [ProductKey], [StoreKey], [RegionKey], [Quantity], [UnitPrice], [DiscountAmount], [SalesAmount], [CostAmount], [ProfitAmount], [PaymentMethod], [OrderChannel], [FulfillmentStatus]) VALUES (42, 'ORD-2025-00042', 20250207, 6, 44, 10, 10, 2, 72.82, 11.65, 133.99, 93.20, 40.79, 'Wallet', 'Mobile App', 'Shipped');
INSERT INTO dbo.FactSales ([SalesKey], [OrderID], [DateKey], [CustomerKey], [ProductKey], [StoreKey], [RegionKey], [Quantity], [UnitPrice], [DiscountAmount], [SalesAmount], [CostAmount], [ProfitAmount], [PaymentMethod], [OrderChannel], [FulfillmentStatus]) VALUES (43, 'ORD-2025-00043', 20250209, 13, 1, 15, 15, 7, 23.37, 16.36, 147.23, 85.05, 62.18, 'Gift Card', 'Marketplace', 'Partially Fulfilled');
INSERT INTO dbo.FactSales ([SalesKey], [OrderID], [DateKey], [CustomerKey], [ProductKey], [StoreKey], [RegionKey], [Quantity], [UnitPrice], [DiscountAmount], [SalesAmount], [CostAmount], [ProfitAmount], [PaymentMethod], [OrderChannel], [FulfillmentStatus]) VALUES (44, 'ORD-2025-00044', 20250211, 20, 8, 20, 20, 6, 67.93, 61.14, 346.44, 244.56, 101.88, 'Buy Now Pay Later', 'Store', 'Delivered');
INSERT INTO dbo.FactSales ([SalesKey], [OrderID], [DateKey], [CustomerKey], [ProductKey], [StoreKey], [RegionKey], [Quantity], [UnitPrice], [DiscountAmount], [SalesAmount], [CostAmount], [ProfitAmount], [PaymentMethod], [OrderChannel], [FulfillmentStatus]) VALUES (45, 'ORD-2025-00045', 20250213, 27, 15, 25, 25, 5, 207.10, 0.00, 1035.50, 497.05, 538.45, 'Credit Card', 'Web', 'Picked Up');
INSERT INTO dbo.FactSales ([SalesKey], [OrderID], [DateKey], [CustomerKey], [ProductKey], [StoreKey], [RegionKey], [Quantity], [UnitPrice], [DiscountAmount], [SalesAmount], [CostAmount], [ProfitAmount], [PaymentMethod], [OrderChannel], [FulfillmentStatus]) VALUES (46, 'ORD-2025-00046', 20250215, 2, 22, 30, 30, 4, 46.74, 9.35, 177.61, 104.68, 72.93, 'Debit Card', 'Mobile App', 'Shipped');
INSERT INTO dbo.FactSales ([SalesKey], [OrderID], [DateKey], [CustomerKey], [ProductKey], [StoreKey], [RegionKey], [Quantity], [UnitPrice], [DiscountAmount], [SalesAmount], [CostAmount], [ProfitAmount], [PaymentMethod], [OrderChannel], [FulfillmentStatus]) VALUES (47, 'ORD-2025-00047', 20250217, 9, 29, 35, 35, 3, 93.48, 22.44, 258.00, 179.49, 78.51, 'Wallet', 'Marketplace', 'Partially Fulfilled');
INSERT INTO dbo.FactSales ([SalesKey], [OrderID], [DateKey], [CustomerKey], [ProductKey], [StoreKey], [RegionKey], [Quantity], [UnitPrice], [DiscountAmount], [SalesAmount], [CostAmount], [ProfitAmount], [PaymentMethod], [OrderChannel], [FulfillmentStatus]) VALUES (48, 'ORD-2025-00048', 20250219, 16, 36, 40, 40, 2, 287.15, 57.43, 516.87, 298.64, 218.23, 'Gift Card', 'Store', 'Delivered');
INSERT INTO dbo.FactSales ([SalesKey], [OrderID], [DateKey], [CustomerKey], [ProductKey], [StoreKey], [RegionKey], [Quantity], [UnitPrice], [DiscountAmount], [SalesAmount], [CostAmount], [ProfitAmount], [PaymentMethod], [OrderChannel], [FulfillmentStatus]) VALUES (49, 'ORD-2025-00049', 20250102, 23, 43, 45, 45, 7, 52.67, 55.30, 313.39, 221.20, 92.19, 'Buy Now Pay Later', 'Web', 'Picked Up');
INSERT INTO dbo.FactSales ([SalesKey], [OrderID], [DateKey], [CustomerKey], [ProductKey], [StoreKey], [RegionKey], [Quantity], [UnitPrice], [DiscountAmount], [SalesAmount], [CostAmount], [ProfitAmount], [PaymentMethod], [OrderChannel], [FulfillmentStatus]) VALUES (50, 'ORD-2025-00050', 20250104, 30, 50, 50, 50, 6, 59.95, 0.00, 359.70, 172.68, 187.02, 'Credit Card', 'Mobile App', 'Shipped');

GO

-- FactReturns: 50 rows
INSERT INTO dbo.FactReturns ([ReturnKey], [ReturnID], [SalesKey], [DateKey], [CustomerKey], [ProductKey], [StoreKey], [QuantityReturned], [ReturnAmount], [ReturnReason], [RefundStatus]) VALUES (1, 'RET-2025-00001', 7, 20250120, 17, 49, 35, 1, 9.89, 'Damaged in transit', 'Pending Inspection');
INSERT INTO dbo.FactReturns ([ReturnKey], [ReturnID], [SalesKey], [DateKey], [CustomerKey], [ProductKey], [StoreKey], [QuantityReturned], [ReturnAmount], [ReturnReason], [RefundStatus]) VALUES (2, 'RET-2025-00002', 14, 20250204, 2, 48, 20, 1, 30.04, 'Changed mind', 'Store Credit');
INSERT INTO dbo.FactReturns ([ReturnKey], [ReturnID], [SalesKey], [DateKey], [CustomerKey], [ProductKey], [StoreKey], [QuantityReturned], [ReturnAmount], [ReturnReason], [RefundStatus]) VALUES (3, 'RET-2025-00003', 21, 20250219, 19, 47, 5, 1, 0.00, 'Late delivery', 'Rejected');
INSERT INTO dbo.FactReturns ([ReturnKey], [ReturnID], [SalesKey], [DateKey], [CustomerKey], [ProductKey], [StoreKey], [QuantityReturned], [ReturnAmount], [ReturnReason], [RefundStatus]) VALUES (4, 'RET-2025-00004', 28, 20250115, 4, 46, 40, 2, 163.42, 'Product defect', 'Refunded');
INSERT INTO dbo.FactReturns ([ReturnKey], [ReturnID], [SalesKey], [DateKey], [CustomerKey], [ProductKey], [StoreKey], [QuantityReturned], [ReturnAmount], [ReturnReason], [RefundStatus]) VALUES (5, 'RET-2025-00005', 35, 20250130, 21, 45, 25, 1, 15.56, 'Incorrect item', 'Pending Inspection');
INSERT INTO dbo.FactReturns ([ReturnKey], [ReturnID], [SalesKey], [DateKey], [CustomerKey], [ProductKey], [StoreKey], [QuantityReturned], [ReturnAmount], [ReturnReason], [RefundStatus]) VALUES (6, 'RET-2025-00006', 42, 20250214, 6, 44, 10, 1, 43.55, 'Quality expectation gap', 'Store Credit');
INSERT INTO dbo.FactReturns ([ReturnKey], [ReturnID], [SalesKey], [DateKey], [CustomerKey], [ProductKey], [StoreKey], [QuantityReturned], [ReturnAmount], [ReturnReason], [RefundStatus]) VALUES (7, 'RET-2025-00007', 49, 20250110, 23, 43, 45, 1, 0.00, 'Size or fit issue', 'Rejected');
INSERT INTO dbo.FactReturns ([ReturnKey], [ReturnID], [SalesKey], [DateKey], [CustomerKey], [ProductKey], [StoreKey], [QuantityReturned], [ReturnAmount], [ReturnReason], [RefundStatus]) VALUES (8, 'RET-2025-00008', 6, 20250125, 10, 42, 30, 2, 86.45, 'Damaged in transit', 'Refunded');
INSERT INTO dbo.FactReturns ([ReturnKey], [ReturnID], [SalesKey], [DateKey], [CustomerKey], [ProductKey], [StoreKey], [QuantityReturned], [ReturnAmount], [ReturnReason], [RefundStatus]) VALUES (9, 'RET-2025-00009', 13, 20250209, 27, 41, 15, 1, 14.01, 'Changed mind', 'Pending Inspection');
INSERT INTO dbo.FactReturns ([ReturnKey], [ReturnID], [SalesKey], [DateKey], [CustomerKey], [ProductKey], [StoreKey], [QuantityReturned], [ReturnAmount], [ReturnReason], [RefundStatus]) VALUES (10, 'RET-2025-00010', 20, 20250214, 12, 40, 50, 1, 245.05, 'Late delivery', 'Store Credit');
INSERT INTO dbo.FactReturns ([ReturnKey], [ReturnID], [SalesKey], [DateKey], [CustomerKey], [ProductKey], [StoreKey], [QuantityReturned], [ReturnAmount], [ReturnReason], [RefundStatus]) VALUES (11, 'RET-2025-00011', 27, 20250110, 29, 39, 35, 1, 0.00, 'Product defect', 'Rejected');
INSERT INTO dbo.FactReturns ([ReturnKey], [ReturnID], [SalesKey], [DateKey], [CustomerKey], [ProductKey], [StoreKey], [QuantityReturned], [ReturnAmount], [ReturnReason], [RefundStatus]) VALUES (12, 'RET-2025-00012', 34, 20250125, 14, 38, 20, 2, 580.47, 'Incorrect item', 'Refunded');
INSERT INTO dbo.FactReturns ([ReturnKey], [ReturnID], [SalesKey], [DateKey], [CustomerKey], [ProductKey], [StoreKey], [QuantityReturned], [ReturnAmount], [ReturnReason], [RefundStatus]) VALUES (13, 'RET-2025-00013', 41, 20250209, 31, 37, 5, 1, 74.65, 'Quality expectation gap', 'Pending Inspection');
INSERT INTO dbo.FactReturns ([ReturnKey], [ReturnID], [SalesKey], [DateKey], [CustomerKey], [ProductKey], [StoreKey], [QuantityReturned], [ReturnAmount], [ReturnReason], [RefundStatus]) VALUES (14, 'RET-2025-00014', 48, 20250219, 16, 36, 40, 1, 167.98, 'Size or fit issue', 'Store Credit');
INSERT INTO dbo.FactReturns ([ReturnKey], [ReturnID], [SalesKey], [DateKey], [CustomerKey], [ProductKey], [StoreKey], [QuantityReturned], [ReturnAmount], [ReturnReason], [RefundStatus]) VALUES (15, 'RET-2025-00015', 5, 20250120, 3, 35, 25, 1, 0.00, 'Damaged in transit', 'Rejected');
INSERT INTO dbo.FactReturns ([ReturnKey], [ReturnID], [SalesKey], [DateKey], [CustomerKey], [ProductKey], [StoreKey], [QuantityReturned], [ReturnAmount], [ReturnReason], [RefundStatus]) VALUES (16, 'RET-2025-00016', 12, 20250204, 20, 34, 10, 2, 152.28, 'Changed mind', 'Refunded');
INSERT INTO dbo.FactReturns ([ReturnKey], [ReturnID], [SalesKey], [DateKey], [CustomerKey], [ProductKey], [StoreKey], [QuantityReturned], [ReturnAmount], [ReturnReason], [RefundStatus]) VALUES (17, 'RET-2025-00017', 19, 20250219, 5, 33, 45, 1, 15.95, 'Late delivery', 'Pending Inspection');
INSERT INTO dbo.FactReturns ([ReturnKey], [ReturnID], [SalesKey], [DateKey], [CustomerKey], [ProductKey], [StoreKey], [QuantityReturned], [ReturnAmount], [ReturnReason], [RefundStatus]) VALUES (18, 'RET-2025-00018', 26, 20250115, 22, 32, 30, 1, 41.58, 'Product defect', 'Store Credit');
INSERT INTO dbo.FactReturns ([ReturnKey], [ReturnID], [SalesKey], [DateKey], [CustomerKey], [ProductKey], [StoreKey], [QuantityReturned], [ReturnAmount], [ReturnReason], [RefundStatus]) VALUES (19, 'RET-2025-00019', 33, 20250130, 7, 31, 15, 1, 0.00, 'Incorrect item', 'Rejected');
INSERT INTO dbo.FactReturns ([ReturnKey], [ReturnID], [SalesKey], [DateKey], [CustomerKey], [ProductKey], [StoreKey], [QuantityReturned], [ReturnAmount], [ReturnReason], [RefundStatus]) VALUES (20, 'RET-2025-00020', 40, 20250204, 24, 30, 50, 2, 169.92, 'Quality expectation gap', 'Refunded');
INSERT INTO dbo.FactReturns ([ReturnKey], [ReturnID], [SalesKey], [DateKey], [CustomerKey], [ProductKey], [StoreKey], [QuantityReturned], [ReturnAmount], [ReturnReason], [RefundStatus]) VALUES (21, 'RET-2025-00021', 47, 20250219, 9, 29, 35, 1, 21.50, 'Size or fit issue', 'Pending Inspection');
INSERT INTO dbo.FactReturns ([ReturnKey], [ReturnID], [SalesKey], [DateKey], [CustomerKey], [ProductKey], [StoreKey], [QuantityReturned], [ReturnAmount], [ReturnReason], [RefundStatus]) VALUES (22, 'RET-2025-00022', 4, 20250115, 28, 28, 20, 1, 46.00, 'Damaged in transit', 'Store Credit');
INSERT INTO dbo.FactReturns ([ReturnKey], [ReturnID], [SalesKey], [DateKey], [CustomerKey], [ProductKey], [StoreKey], [QuantityReturned], [ReturnAmount], [ReturnReason], [RefundStatus]) VALUES (23, 'RET-2025-00023', 11, 20250130, 13, 27, 5, 1, 0.00, 'Changed mind', 'Rejected');
INSERT INTO dbo.FactReturns ([ReturnKey], [ReturnID], [SalesKey], [DateKey], [CustomerKey], [ProductKey], [StoreKey], [QuantityReturned], [ReturnAmount], [ReturnReason], [RefundStatus]) VALUES (24, 'RET-2025-00024', 18, 20250214, 30, 26, 40, 2, 194.67, 'Late delivery', 'Refunded');
INSERT INTO dbo.FactReturns ([ReturnKey], [ReturnID], [SalesKey], [DateKey], [CustomerKey], [ProductKey], [StoreKey], [QuantityReturned], [ReturnAmount], [ReturnReason], [RefundStatus]) VALUES (25, 'RET-2025-00025', 25, 20250110, 15, 25, 25, 1, 12.24, 'Product defect', 'Pending Inspection');
INSERT INTO dbo.FactReturns ([ReturnKey], [ReturnID], [SalesKey], [DateKey], [CustomerKey], [ProductKey], [StoreKey], [QuantityReturned], [ReturnAmount], [ReturnReason], [RefundStatus]) VALUES (26, 'RET-2025-00026', 32, 20250125, 32, 24, 10, 1, 36.31, 'Incorrect item', 'Store Credit');
INSERT INTO dbo.FactReturns ([ReturnKey], [ReturnID], [SalesKey], [DateKey], [CustomerKey], [ProductKey], [StoreKey], [QuantityReturned], [ReturnAmount], [ReturnReason], [RefundStatus]) VALUES (27, 'RET-2025-00027', 39, 20250209, 17, 23, 45, 1, 0.00, 'Quality expectation gap', 'Rejected');
INSERT INTO dbo.FactReturns ([ReturnKey], [ReturnID], [SalesKey], [DateKey], [CustomerKey], [ProductKey], [StoreKey], [QuantityReturned], [ReturnAmount], [ReturnReason], [RefundStatus]) VALUES (28, 'RET-2025-00028', 46, 20250219, 2, 22, 30, 2, 88.81, 'Size or fit issue', 'Refunded');
INSERT INTO dbo.FactReturns ([ReturnKey], [ReturnID], [SalesKey], [DateKey], [CustomerKey], [ProductKey], [StoreKey], [QuantityReturned], [ReturnAmount], [ReturnReason], [RefundStatus]) VALUES (29, 'RET-2025-00029', 3, 20250120, 21, 21, 15, 1, 8.94, 'Damaged in transit', 'Pending Inspection');
INSERT INTO dbo.FactReturns ([ReturnKey], [ReturnID], [SalesKey], [DateKey], [CustomerKey], [ProductKey], [StoreKey], [QuantityReturned], [ReturnAmount], [ReturnReason], [RefundStatus]) VALUES (30, 'RET-2025-00030', 10, 20250125, 6, 20, 50, 1, 86.09, 'Changed mind', 'Store Credit');
INSERT INTO dbo.FactReturns ([ReturnKey], [ReturnID], [SalesKey], [DateKey], [CustomerKey], [ProductKey], [StoreKey], [QuantityReturned], [ReturnAmount], [ReturnReason], [RefundStatus]) VALUES (31, 'RET-2025-00031', 17, 20250209, 23, 19, 35, 1, 0.00, 'Late delivery', 'Rejected');
INSERT INTO dbo.FactReturns ([ReturnKey], [ReturnID], [SalesKey], [DateKey], [CustomerKey], [ProductKey], [StoreKey], [QuantityReturned], [ReturnAmount], [ReturnReason], [RefundStatus]) VALUES (32, 'RET-2025-00032', 24, 20250105, 8, 18, 20, 2, 217.96, 'Product defect', 'Refunded');
INSERT INTO dbo.FactReturns ([ReturnKey], [ReturnID], [SalesKey], [DateKey], [CustomerKey], [ProductKey], [StoreKey], [QuantityReturned], [ReturnAmount], [ReturnReason], [RefundStatus]) VALUES (33, 'RET-2025-00033', 31, 20250120, 25, 17, 5, 1, 27.72, 'Incorrect item', 'Pending Inspection');
INSERT INTO dbo.FactReturns ([ReturnKey], [ReturnID], [SalesKey], [DateKey], [CustomerKey], [ProductKey], [StoreKey], [QuantityReturned], [ReturnAmount], [ReturnReason], [RefundStatus]) VALUES (34, 'RET-2025-00034', 38, 20250204, 10, 16, 40, 1, 61.56, 'Quality expectation gap', 'Store Credit');
INSERT INTO dbo.FactReturns ([ReturnKey], [ReturnID], [SalesKey], [DateKey], [CustomerKey], [ProductKey], [StoreKey], [QuantityReturned], [ReturnAmount], [ReturnReason], [RefundStatus]) VALUES (35, 'RET-2025-00035', 45, 20250219, 27, 15, 25, 1, 0.00, 'Size or fit issue', 'Rejected');
INSERT INTO dbo.FactReturns ([ReturnKey], [ReturnID], [SalesKey], [DateKey], [CustomerKey], [ProductKey], [StoreKey], [QuantityReturned], [ReturnAmount], [ReturnReason], [RefundStatus]) VALUES (36, 'RET-2025-00036', 2, 20250115, 14, 14, 10, 2, 377.20, 'Damaged in transit', 'Refunded');
INSERT INTO dbo.FactReturns ([ReturnKey], [ReturnID], [SalesKey], [DateKey], [CustomerKey], [ProductKey], [StoreKey], [QuantityReturned], [ReturnAmount], [ReturnReason], [RefundStatus]) VALUES (37, 'RET-2025-00037', 9, 20250130, 31, 13, 45, 1, 64.57, 'Changed mind', 'Pending Inspection');
INSERT INTO dbo.FactReturns ([ReturnKey], [ReturnID], [SalesKey], [DateKey], [CustomerKey], [ProductKey], [StoreKey], [QuantityReturned], [ReturnAmount], [ReturnReason], [RefundStatus]) VALUES (38, 'RET-2025-00038', 16, 20250214, 16, 12, 30, 1, 174.75, 'Late delivery', 'Store Credit');
INSERT INTO dbo.FactReturns ([ReturnKey], [ReturnID], [SalesKey], [DateKey], [CustomerKey], [ProductKey], [StoreKey], [QuantityReturned], [ReturnAmount], [ReturnReason], [RefundStatus]) VALUES (39, 'RET-2025-00039', 23, 20250219, 1, 11, 15, 1, 0.00, 'Product defect', 'Rejected');
INSERT INTO dbo.FactReturns ([ReturnKey], [ReturnID], [SalesKey], [DateKey], [CustomerKey], [ProductKey], [StoreKey], [QuantityReturned], [ReturnAmount], [ReturnReason], [RefundStatus]) VALUES (40, 'RET-2025-00040', 30, 20250115, 18, 10, 50, 2, 132.08, 'Incorrect item', 'Refunded');
INSERT INTO dbo.FactReturns ([ReturnKey], [ReturnID], [SalesKey], [DateKey], [CustomerKey], [ProductKey], [StoreKey], [QuantityReturned], [ReturnAmount], [ReturnReason], [RefundStatus]) VALUES (41, 'RET-2025-00041', 37, 20250130, 3, 9, 35, 1, 17.56, 'Quality expectation gap', 'Pending Inspection');
INSERT INTO dbo.FactReturns ([ReturnKey], [ReturnID], [SalesKey], [DateKey], [CustomerKey], [ProductKey], [StoreKey], [QuantityReturned], [ReturnAmount], [ReturnReason], [RefundStatus]) VALUES (42, 'RET-2025-00042', 44, 20250214, 20, 8, 20, 1, 37.53, 'Size or fit issue', 'Store Credit');
INSERT INTO dbo.FactReturns ([ReturnKey], [ReturnID], [SalesKey], [DateKey], [CustomerKey], [ProductKey], [StoreKey], [QuantityReturned], [ReturnAmount], [ReturnReason], [RefundStatus]) VALUES (43, 'RET-2025-00043', 1, 20250110, 7, 7, 5, 1, 0.00, 'Damaged in transit', 'Rejected');
INSERT INTO dbo.FactReturns ([ReturnKey], [ReturnID], [SalesKey], [DateKey], [CustomerKey], [ProductKey], [StoreKey], [QuantityReturned], [ReturnAmount], [ReturnReason], [RefundStatus]) VALUES (44, 'RET-2025-00044', 8, 20250125, 24, 6, 40, 2, 150.89, 'Changed mind', 'Refunded');
INSERT INTO dbo.FactReturns ([ReturnKey], [ReturnID], [SalesKey], [DateKey], [CustomerKey], [ProductKey], [StoreKey], [QuantityReturned], [ReturnAmount], [ReturnReason], [RefundStatus]) VALUES (45, 'RET-2025-00045', 15, 20250209, 9, 5, 25, 1, 6.53, 'Late delivery', 'Pending Inspection');
INSERT INTO dbo.FactReturns ([ReturnKey], [ReturnID], [SalesKey], [DateKey], [CustomerKey], [ProductKey], [StoreKey], [QuantityReturned], [ReturnAmount], [ReturnReason], [RefundStatus]) VALUES (46, 'RET-2025-00046', 22, 20250219, 26, 4, 10, 1, 23.61, 'Product defect', 'Store Credit');
INSERT INTO dbo.FactReturns ([ReturnKey], [ReturnID], [SalesKey], [DateKey], [CustomerKey], [ProductKey], [StoreKey], [QuantityReturned], [ReturnAmount], [ReturnReason], [RefundStatus]) VALUES (47, 'RET-2025-00047', 29, 20250120, 11, 3, 45, 1, 0.00, 'Incorrect item', 'Rejected');
INSERT INTO dbo.FactReturns ([ReturnKey], [ReturnID], [SalesKey], [DateKey], [CustomerKey], [ProductKey], [StoreKey], [QuantityReturned], [ReturnAmount], [ReturnReason], [RefundStatus]) VALUES (48, 'RET-2025-00048', 36, 20250204, 28, 2, 30, 2, 54.61, 'Quality expectation gap', 'Refunded');
INSERT INTO dbo.FactReturns ([ReturnKey], [ReturnID], [SalesKey], [DateKey], [CustomerKey], [ProductKey], [StoreKey], [QuantityReturned], [ReturnAmount], [ReturnReason], [RefundStatus]) VALUES (49, 'RET-2025-00049', 43, 20250219, 13, 1, 15, 1, 5.26, 'Size or fit issue', 'Pending Inspection');
INSERT INTO dbo.FactReturns ([ReturnKey], [ReturnID], [SalesKey], [DateKey], [CustomerKey], [ProductKey], [StoreKey], [QuantityReturned], [ReturnAmount], [ReturnReason], [RefundStatus]) VALUES (50, 'RET-2025-00050', 50, 20250105, 30, 50, 50, 1, 38.97, 'Damaged in transit', 'Store Credit');

GO

-- FactInventory: 50 rows
INSERT INTO dbo.FactInventory ([InventoryKey], [DateKey], [ProductKey], [StoreKey], [RegionKey], [OnHandQty], [ReorderPoint], [SafetyStockQty], [UnitsSoldLast30Days], [UnitsReceived], [StockStatus]) VALUES (1, 20250105, 1, 3, 3, 20, 23, 11, 26, 11, 'Reorder');
INSERT INTO dbo.FactInventory ([InventoryKey], [DateKey], [ProductKey], [StoreKey], [RegionKey], [OnHandQty], [ReorderPoint], [SafetyStockQty], [UnitsSoldLast30Days], [UnitsReceived], [StockStatus]) VALUES (2, 20250110, 2, 6, 6, 33, 28, 14, 43, 22, 'Healthy');
INSERT INTO dbo.FactInventory ([InventoryKey], [DateKey], [ProductKey], [StoreKey], [RegionKey], [OnHandQty], [ReorderPoint], [SafetyStockQty], [UnitsSoldLast30Days], [UnitsReceived], [StockStatus]) VALUES (3, 20250115, 3, 9, 9, 46, 33, 17, 60, 33, 'Healthy');
INSERT INTO dbo.FactInventory ([InventoryKey], [DateKey], [ProductKey], [StoreKey], [RegionKey], [OnHandQty], [ReorderPoint], [SafetyStockQty], [UnitsSoldLast30Days], [UnitsReceived], [StockStatus]) VALUES (4, 20250120, 4, 12, 12, 59, 38, 20, 77, 44, 'Healthy');
INSERT INTO dbo.FactInventory ([InventoryKey], [DateKey], [ProductKey], [StoreKey], [RegionKey], [OnHandQty], [ReorderPoint], [SafetyStockQty], [UnitsSoldLast30Days], [UnitsReceived], [StockStatus]) VALUES (5, 20250125, 5, 15, 15, 72, 43, 8, 94, 55, 'Healthy');
INSERT INTO dbo.FactInventory ([InventoryKey], [DateKey], [ProductKey], [StoreKey], [RegionKey], [OnHandQty], [ReorderPoint], [SafetyStockQty], [UnitsSoldLast30Days], [UnitsReceived], [StockStatus]) VALUES (6, 20250130, 6, 18, 18, 85, 48, 11, 111, 66, 'Healthy');
INSERT INTO dbo.FactInventory ([InventoryKey], [DateKey], [ProductKey], [StoreKey], [RegionKey], [OnHandQty], [ReorderPoint], [SafetyStockQty], [UnitsSoldLast30Days], [UnitsReceived], [StockStatus]) VALUES (7, 20250204, 7, 21, 21, 98, 53, 14, 128, 77, 'Healthy');
INSERT INTO dbo.FactInventory ([InventoryKey], [DateKey], [ProductKey], [StoreKey], [RegionKey], [OnHandQty], [ReorderPoint], [SafetyStockQty], [UnitsSoldLast30Days], [UnitsReceived], [StockStatus]) VALUES (8, 20250209, 8, 24, 24, 111, 18, 17, 145, 88, 'Healthy');
INSERT INTO dbo.FactInventory ([InventoryKey], [DateKey], [ProductKey], [StoreKey], [RegionKey], [OnHandQty], [ReorderPoint], [SafetyStockQty], [UnitsSoldLast30Days], [UnitsReceived], [StockStatus]) VALUES (9, 20250214, 9, 27, 27, 124, 23, 20, 162, 9, 'Healthy');
INSERT INTO dbo.FactInventory ([InventoryKey], [DateKey], [ProductKey], [StoreKey], [RegionKey], [OnHandQty], [ReorderPoint], [SafetyStockQty], [UnitsSoldLast30Days], [UnitsReceived], [StockStatus]) VALUES (10, 20250219, 10, 30, 30, 17, 28, 8, 19, 20, 'Reorder');
INSERT INTO dbo.FactInventory ([InventoryKey], [DateKey], [ProductKey], [StoreKey], [RegionKey], [OnHandQty], [ReorderPoint], [SafetyStockQty], [UnitsSoldLast30Days], [UnitsReceived], [StockStatus]) VALUES (11, 20250105, 11, 33, 33, 30, 33, 11, 36, 31, 'Reorder');
INSERT INTO dbo.FactInventory ([InventoryKey], [DateKey], [ProductKey], [StoreKey], [RegionKey], [OnHandQty], [ReorderPoint], [SafetyStockQty], [UnitsSoldLast30Days], [UnitsReceived], [StockStatus]) VALUES (12, 20250110, 12, 36, 36, 43, 38, 14, 53, 42, 'Overstock');
INSERT INTO dbo.FactInventory ([InventoryKey], [DateKey], [ProductKey], [StoreKey], [RegionKey], [OnHandQty], [ReorderPoint], [SafetyStockQty], [UnitsSoldLast30Days], [UnitsReceived], [StockStatus]) VALUES (13, 20250115, 13, 39, 39, 56, 43, 17, 70, 53, 'Healthy');
INSERT INTO dbo.FactInventory ([InventoryKey], [DateKey], [ProductKey], [StoreKey], [RegionKey], [OnHandQty], [ReorderPoint], [SafetyStockQty], [UnitsSoldLast30Days], [UnitsReceived], [StockStatus]) VALUES (14, 20250120, 14, 42, 42, 69, 48, 20, 87, 64, 'Healthy');
INSERT INTO dbo.FactInventory ([InventoryKey], [DateKey], [ProductKey], [StoreKey], [RegionKey], [OnHandQty], [ReorderPoint], [SafetyStockQty], [UnitsSoldLast30Days], [UnitsReceived], [StockStatus]) VALUES (15, 20250125, 15, 45, 45, 82, 53, 8, 104, 75, 'Healthy');
INSERT INTO dbo.FactInventory ([InventoryKey], [DateKey], [ProductKey], [StoreKey], [RegionKey], [OnHandQty], [ReorderPoint], [SafetyStockQty], [UnitsSoldLast30Days], [UnitsReceived], [StockStatus]) VALUES (16, 20250130, 16, 48, 48, 95, 18, 11, 121, 86, 'Healthy');
INSERT INTO dbo.FactInventory ([InventoryKey], [DateKey], [ProductKey], [StoreKey], [RegionKey], [OnHandQty], [ReorderPoint], [SafetyStockQty], [UnitsSoldLast30Days], [UnitsReceived], [StockStatus]) VALUES (17, 20250204, 17, 1, 1, 108, 23, 14, 138, 7, 'Healthy');
INSERT INTO dbo.FactInventory ([InventoryKey], [DateKey], [ProductKey], [StoreKey], [RegionKey], [OnHandQty], [ReorderPoint], [SafetyStockQty], [UnitsSoldLast30Days], [UnitsReceived], [StockStatus]) VALUES (18, 20250209, 18, 4, 4, 121, 28, 17, 155, 18, 'Healthy');
INSERT INTO dbo.FactInventory ([InventoryKey], [DateKey], [ProductKey], [StoreKey], [RegionKey], [OnHandQty], [ReorderPoint], [SafetyStockQty], [UnitsSoldLast30Days], [UnitsReceived], [StockStatus]) VALUES (19, 20250214, 19, 7, 7, 14, 33, 20, 12, 29, 'Critical');
INSERT INTO dbo.FactInventory ([InventoryKey], [DateKey], [ProductKey], [StoreKey], [RegionKey], [OnHandQty], [ReorderPoint], [SafetyStockQty], [UnitsSoldLast30Days], [UnitsReceived], [StockStatus]) VALUES (20, 20250219, 20, 10, 10, 27, 38, 8, 29, 40, 'Reorder');
INSERT INTO dbo.FactInventory ([InventoryKey], [DateKey], [ProductKey], [StoreKey], [RegionKey], [OnHandQty], [ReorderPoint], [SafetyStockQty], [UnitsSoldLast30Days], [UnitsReceived], [StockStatus]) VALUES (21, 20250105, 21, 13, 13, 40, 43, 11, 46, 51, 'Reorder');
INSERT INTO dbo.FactInventory ([InventoryKey], [DateKey], [ProductKey], [StoreKey], [RegionKey], [OnHandQty], [ReorderPoint], [SafetyStockQty], [UnitsSoldLast30Days], [UnitsReceived], [StockStatus]) VALUES (22, 20250110, 22, 16, 16, 53, 48, 14, 63, 62, 'Healthy');
INSERT INTO dbo.FactInventory ([InventoryKey], [DateKey], [ProductKey], [StoreKey], [RegionKey], [OnHandQty], [ReorderPoint], [SafetyStockQty], [UnitsSoldLast30Days], [UnitsReceived], [StockStatus]) VALUES (23, 20250115, 23, 19, 19, 66, 53, 17, 80, 73, 'Healthy');
INSERT INTO dbo.FactInventory ([InventoryKey], [DateKey], [ProductKey], [StoreKey], [RegionKey], [OnHandQty], [ReorderPoint], [SafetyStockQty], [UnitsSoldLast30Days], [UnitsReceived], [StockStatus]) VALUES (24, 20250120, 24, 22, 22, 79, 18, 20, 97, 84, 'Overstock');
INSERT INTO dbo.FactInventory ([InventoryKey], [DateKey], [ProductKey], [StoreKey], [RegionKey], [OnHandQty], [ReorderPoint], [SafetyStockQty], [UnitsSoldLast30Days], [UnitsReceived], [StockStatus]) VALUES (25, 20250125, 25, 25, 25, 92, 23, 8, 114, 5, 'Healthy');
INSERT INTO dbo.FactInventory ([InventoryKey], [DateKey], [ProductKey], [StoreKey], [RegionKey], [OnHandQty], [ReorderPoint], [SafetyStockQty], [UnitsSoldLast30Days], [UnitsReceived], [StockStatus]) VALUES (26, 20250130, 26, 28, 28, 105, 28, 11, 131, 16, 'Healthy');
INSERT INTO dbo.FactInventory ([InventoryKey], [DateKey], [ProductKey], [StoreKey], [RegionKey], [OnHandQty], [ReorderPoint], [SafetyStockQty], [UnitsSoldLast30Days], [UnitsReceived], [StockStatus]) VALUES (27, 20250204, 27, 31, 31, 118, 33, 14, 148, 27, 'Healthy');
INSERT INTO dbo.FactInventory ([InventoryKey], [DateKey], [ProductKey], [StoreKey], [RegionKey], [OnHandQty], [ReorderPoint], [SafetyStockQty], [UnitsSoldLast30Days], [UnitsReceived], [StockStatus]) VALUES (28, 20250209, 28, 34, 34, 11, 38, 17, 165, 38, 'Critical');
INSERT INTO dbo.FactInventory ([InventoryKey], [DateKey], [ProductKey], [StoreKey], [RegionKey], [OnHandQty], [ReorderPoint], [SafetyStockQty], [UnitsSoldLast30Days], [UnitsReceived], [StockStatus]) VALUES (29, 20250214, 29, 37, 37, 24, 43, 20, 22, 49, 'Reorder');
INSERT INTO dbo.FactInventory ([InventoryKey], [DateKey], [ProductKey], [StoreKey], [RegionKey], [OnHandQty], [ReorderPoint], [SafetyStockQty], [UnitsSoldLast30Days], [UnitsReceived], [StockStatus]) VALUES (30, 20250219, 30, 40, 40, 37, 48, 8, 39, 60, 'Reorder');
INSERT INTO dbo.FactInventory ([InventoryKey], [DateKey], [ProductKey], [StoreKey], [RegionKey], [OnHandQty], [ReorderPoint], [SafetyStockQty], [UnitsSoldLast30Days], [UnitsReceived], [StockStatus]) VALUES (31, 20250105, 31, 43, 43, 50, 53, 11, 56, 71, 'Reorder');
INSERT INTO dbo.FactInventory ([InventoryKey], [DateKey], [ProductKey], [StoreKey], [RegionKey], [OnHandQty], [ReorderPoint], [SafetyStockQty], [UnitsSoldLast30Days], [UnitsReceived], [StockStatus]) VALUES (32, 20250110, 32, 46, 46, 63, 18, 14, 73, 82, 'Healthy');
INSERT INTO dbo.FactInventory ([InventoryKey], [DateKey], [ProductKey], [StoreKey], [RegionKey], [OnHandQty], [ReorderPoint], [SafetyStockQty], [UnitsSoldLast30Days], [UnitsReceived], [StockStatus]) VALUES (33, 20250115, 33, 49, 49, 76, 23, 17, 90, 3, 'Healthy');
INSERT INTO dbo.FactInventory ([InventoryKey], [DateKey], [ProductKey], [StoreKey], [RegionKey], [OnHandQty], [ReorderPoint], [SafetyStockQty], [UnitsSoldLast30Days], [UnitsReceived], [StockStatus]) VALUES (34, 20250120, 34, 2, 2, 89, 28, 20, 107, 14, 'Healthy');
INSERT INTO dbo.FactInventory ([InventoryKey], [DateKey], [ProductKey], [StoreKey], [RegionKey], [OnHandQty], [ReorderPoint], [SafetyStockQty], [UnitsSoldLast30Days], [UnitsReceived], [StockStatus]) VALUES (35, 20250125, 35, 5, 5, 102, 33, 8, 124, 25, 'Healthy');
INSERT INTO dbo.FactInventory ([InventoryKey], [DateKey], [ProductKey], [StoreKey], [RegionKey], [OnHandQty], [ReorderPoint], [SafetyStockQty], [UnitsSoldLast30Days], [UnitsReceived], [StockStatus]) VALUES (36, 20250130, 36, 8, 8, 115, 38, 11, 141, 36, 'Overstock');
INSERT INTO dbo.FactInventory ([InventoryKey], [DateKey], [ProductKey], [StoreKey], [RegionKey], [OnHandQty], [ReorderPoint], [SafetyStockQty], [UnitsSoldLast30Days], [UnitsReceived], [StockStatus]) VALUES (37, 20250204, 37, 11, 11, 8, 43, 14, 158, 47, 'Critical');
INSERT INTO dbo.FactInventory ([InventoryKey], [DateKey], [ProductKey], [StoreKey], [RegionKey], [OnHandQty], [ReorderPoint], [SafetyStockQty], [UnitsSoldLast30Days], [UnitsReceived], [StockStatus]) VALUES (38, 20250209, 38, 14, 14, 21, 48, 17, 15, 58, 'Reorder');
INSERT INTO dbo.FactInventory ([InventoryKey], [DateKey], [ProductKey], [StoreKey], [RegionKey], [OnHandQty], [ReorderPoint], [SafetyStockQty], [UnitsSoldLast30Days], [UnitsReceived], [StockStatus]) VALUES (39, 20250214, 39, 17, 17, 34, 53, 20, 32, 69, 'Reorder');
INSERT INTO dbo.FactInventory ([InventoryKey], [DateKey], [ProductKey], [StoreKey], [RegionKey], [OnHandQty], [ReorderPoint], [SafetyStockQty], [UnitsSoldLast30Days], [UnitsReceived], [StockStatus]) VALUES (40, 20250219, 40, 20, 20, 47, 18, 8, 49, 80, 'Healthy');
INSERT INTO dbo.FactInventory ([InventoryKey], [DateKey], [ProductKey], [StoreKey], [RegionKey], [OnHandQty], [ReorderPoint], [SafetyStockQty], [UnitsSoldLast30Days], [UnitsReceived], [StockStatus]) VALUES (41, 20250105, 41, 23, 23, 60, 23, 11, 66, 1, 'Healthy');
INSERT INTO dbo.FactInventory ([InventoryKey], [DateKey], [ProductKey], [StoreKey], [RegionKey], [OnHandQty], [ReorderPoint], [SafetyStockQty], [UnitsSoldLast30Days], [UnitsReceived], [StockStatus]) VALUES (42, 20250110, 42, 26, 26, 73, 28, 14, 83, 12, 'Healthy');
INSERT INTO dbo.FactInventory ([InventoryKey], [DateKey], [ProductKey], [StoreKey], [RegionKey], [OnHandQty], [ReorderPoint], [SafetyStockQty], [UnitsSoldLast30Days], [UnitsReceived], [StockStatus]) VALUES (43, 20250115, 43, 29, 29, 86, 33, 17, 100, 23, 'Healthy');
INSERT INTO dbo.FactInventory ([InventoryKey], [DateKey], [ProductKey], [StoreKey], [RegionKey], [OnHandQty], [ReorderPoint], [SafetyStockQty], [UnitsSoldLast30Days], [UnitsReceived], [StockStatus]) VALUES (44, 20250120, 44, 32, 32, 99, 38, 20, 117, 34, 'Healthy');
INSERT INTO dbo.FactInventory ([InventoryKey], [DateKey], [ProductKey], [StoreKey], [RegionKey], [OnHandQty], [ReorderPoint], [SafetyStockQty], [UnitsSoldLast30Days], [UnitsReceived], [StockStatus]) VALUES (45, 20250125, 45, 35, 35, 112, 43, 8, 134, 45, 'Healthy');
INSERT INTO dbo.FactInventory ([InventoryKey], [DateKey], [ProductKey], [StoreKey], [RegionKey], [OnHandQty], [ReorderPoint], [SafetyStockQty], [UnitsSoldLast30Days], [UnitsReceived], [StockStatus]) VALUES (46, 20250130, 46, 38, 38, 125, 48, 11, 151, 56, 'Healthy');
INSERT INTO dbo.FactInventory ([InventoryKey], [DateKey], [ProductKey], [StoreKey], [RegionKey], [OnHandQty], [ReorderPoint], [SafetyStockQty], [UnitsSoldLast30Days], [UnitsReceived], [StockStatus]) VALUES (47, 20250204, 47, 41, 41, 18, 53, 14, 168, 67, 'Reorder');
INSERT INTO dbo.FactInventory ([InventoryKey], [DateKey], [ProductKey], [StoreKey], [RegionKey], [OnHandQty], [ReorderPoint], [SafetyStockQty], [UnitsSoldLast30Days], [UnitsReceived], [StockStatus]) VALUES (48, 20250209, 48, 44, 44, 31, 18, 17, 25, 78, 'Overstock');
INSERT INTO dbo.FactInventory ([InventoryKey], [DateKey], [ProductKey], [StoreKey], [RegionKey], [OnHandQty], [ReorderPoint], [SafetyStockQty], [UnitsSoldLast30Days], [UnitsReceived], [StockStatus]) VALUES (49, 20250214, 49, 47, 47, 44, 23, 20, 42, 89, 'Healthy');
INSERT INTO dbo.FactInventory ([InventoryKey], [DateKey], [ProductKey], [StoreKey], [RegionKey], [OnHandQty], [ReorderPoint], [SafetyStockQty], [UnitsSoldLast30Days], [UnitsReceived], [StockStatus]) VALUES (50, 20250219, 50, 50, 50, 57, 28, 8, 59, 10, 'Healthy');

GO
